id;URL;kebab-id;name;effect;category;hp;atk;def;spa;spd;spe;crit;acc;eva;priority;pp;boost;affects;condition-holder;pokemon;evo-pokemon;immunity;type-related;effect;move-acc;power;use;status;mode;breeding;breeding-effect;availability;fling-power
abilityshield;https://www.serebii.net/itemdex/sprites/abilityshield.png;ability-shield;Ability Shield;An item to be held by a Pokťmon. This cute and rather unique-looking shield protects the holder from having its Ability changed by others.;competitive;;;;;;;;;;;;;self;;;;;;;;;permanent;;;;;;
absorbbulb;https://www.serebii.net/itemdex/sprites/absorbbulb.png;absorb-bulb;Absorb Bulb;An item to be held by a Pokťmon. This single-use bulb boosts the Sp. Atk stat if the holder is damaged by a Water-type attack.;competitive;;;;1;;;;;;;;stage;self;hit by water move;;;;;boost;;;single;;;;;;
adamantcrystal;https://www.serebii.net/itemdex/sprites/adamantcrystal.png;adamant-crystal;Adamant Crystal;An item to be held by Dialga. This large, glowing gem wells with power and allows the Pokťmon to change form.;competitive;;;;;;;;;;;;;self;;dialga;;;"[steel;dragon]";boost;;20;permanent;;;;;;
adamantorb;https://www.serebii.net/itemdex/sprites/adamantorb.png;adamant-orb;Adamant Orb;A brightly shining gem to be held by Dialga. It boosts the power of Dialga's Dragon- and Steel-type moves.;competitive;;;;;;;;;;;;;self;;dialga;;;"[steel;dragon]";boost;;20;permanent;;;;;;
airballoon;https://www.serebii.net/itemdex/sprites/airballoon.png;air-balloon;Air Balloon;An item to be held by a Pokťmon. This balloon makes the holder float in the air. If the holder is hit with an attack, the balloon will burst.;competitive;;;;;;;;;;;;;self;;;;TRUE;ground;;;;single;;;;;;
aloraichiumz;https://www.serebii.net/itemdex/sprites/aloraichiumz.png;aloraichium-z;Aloraichium Z;It converts Z-Power into crystals that upgrade Alolan Raichu's Thunderbolt to a Z-Move.;competitive;;;;;;;;;;;;;self;;;;;;;;;permanent;;;;;;
assaultvest;https://www.serebii.net/itemdex/sprites/assaultvest.png;assault-vest;Assault Vest;An item to be held by a Pokťmon. This offensive vest boosts the holder's Sp. Def stat but prevents the use of status moves.;competitive;;;;;50;;;;;;;raw;self;can't use status moves;;;;;boost;;;permanent;;;;;;
bigroot;https://www.serebii.net/itemdex/sprites/bigroot.png;big-root;Big Root;An item to be held by a Pokťmon. This root boosts the amount of HP the holder restores to itself when it uses HP-stealing moves.;competitive;;;;;;;;;;;;;self;;;;;;;;;permanent;;;;;;
bindingband;https://www.serebii.net/itemdex/sprites/bindingband.png;binding-band;Binding Band;An item to be held by a Pokťmon. This band boosts the power of binding moves used by the holder.;competitive;;;;;;;;;;;;;self;;;;;;;;;permanent;;;;;;
blackbelt;https://www.serebii.net/itemdex/sprites/blackbelt.png;black-belt;Black Belt;An item to be held by a Pokťmon. This belt helps with focus and boosts the power of the holder's Fighting-type moves.;competitive;;;;;;;;;;;;;self;;;;;fight;boost;;20;permanent;;;;;;
blackglasses;https://www.serebii.net/itemdex/sprites/blackglasses.png;black-glasses;Black Glasses;An item to be held by a Pokťmon. It's a pair of shady- looking glasses that boost the power of the holder's Dark-type moves.;competitive;;;;;;;;;;;;;self;;;;;dark;boost;;20;permanent;;;;;;
blacksludge;https://www.serebii.net/itemdex/sprites/blacksludge.png;black-sludge;Black Sludge;An item to be held by a Pokťmon. If the holder is a Poison type, this sludge will gradually restore its HP. It damages any other type.;competitive;6,25;;;;;;;;;;;stage;self;poison type;;;;;boost;;;permanent;;;;;;
blueorb;https://www.serebii.net/itemdex/sprites/blueorb.png;blue-orb;Blue Orb;A shiny blue orb that is said to have a deep connection to a legend of the Hoenn region.;competitive;;;;;;;;;;;;;self;;;;;;;;;permanent;;;;;;
blunderpolicy;https://www.serebii.net/itemdex/sprites/blunderpolicy.png;blunder-policy;Blunder Policy;An item to be held by a Pokťmon. If the holder misses with a move due to low accuracy, this policy will sharply boost its Speed stat.;competitive;;;;;;2;;;;;;stage;self;misses a move;;;;;boost;;;single;;;;;;
boosterenergy;https://www.serebii.net/itemdex/sprites/boosterenergy.png;booster-energy;Booster Energy;An item to be held by Pokťmon with certain Abilities. The energy that fills this capsule boosts the strength of the Pokťmon.;competitive;;;;;;;;;;;;;self;;;;;;;;;single;;;;;;
brightpowder;https://www.serebii.net/itemdex/sprites/brightpowder.png;bright-powder;Bright Powder;An item to be held by a Pokťmon. This glittery powder casts a tricky glare that lowers the accuracy of opposing Pokťmon's moves.;competitive;;;;;;;;;;;;;enemy;;;;;;reduces;10;;permanent;;;;;;
buggem;https://www.serebii.net/itemdex/sprites/buggem.png;bug-gem;Bug Gem;An item to be held by a Pokťmon. This gem is imbued with the essence of bugs and will boost the power of a Bug-type moveóbut only once.;competitive;;;;;;;;;;;;;self;uses bug type move;;;;bug;boost;;30;single;;;;;;
bugmemory;https://www.serebii.net/itemdex/sprites/bugmemory.png;bug-memory;Bug Memory;A memory disc that contains Bug-type data. It changes the type of the holder if held by a certain species of Pokťmon.;competitive;;;;;;;;;;;;;self;;silvally;;;bug;;;;permanent;;;;;;
buginiumz;https://www.serebii.net/itemdex/sprites/buginiumz.png;buginium-z;Buginium Z;It converts Z-Power into crystals that upgrade Bug-type moves to Bug-type Z-Moves.;competitive;;;;;;;;;;;;;self;;;;;;;;;permanent;;;;;;
burndrive;https://www.serebii.net/itemdex/sprites/burndrive.png;burn-drive;Burn Drive;A cassette to be held by Genesect. It changes Genesect's Techno Blast move so it becomes Fire type.;competitive;;;;;;;;;;;;;self;;genesect;;;fire;;;;permanent;;;;;;
cellbattery;https://www.serebii.net/itemdex/sprites/cellbattery.png;cell-battery;Cell Battery;An item to be held by a Pokťmon. This single-use battery boosts the Attack stat if the holder is damaged by an Electric-type attack.;competitive;;1;;;;;;;;;;stage;self;hit by electric move;;;;;boost;;;single;;;;;;
charcoal;https://www.serebii.net/itemdex/sprites/charcoal.png;charcoal;Charcoal;An item to be held by a Pokťmon. It's a combustible fuel that boosts the power of the holder's Fire-type moves.;competitive;;;;;;;;;;;;;self;;;;;fire;boost;;20;permanent;;;;;;
chilldrive;https://www.serebii.net/itemdex/sprites/chilldrive.png;chill-drive;Chill Drive;A cassette to be held by Genesect. It changes Genesect's Techno Blast move so it becomes Ice type.;competitive;;;;;;;;;;;;;self;;genesect;;;ice;;;;permanent;;;;;;
choiceband;https://www.serebii.net/itemdex/sprites/choiceband.png;choice-band;Choice Band;An item to be held by a Pokťmon. This curious headband boosts the holder's Attack stat but only allows the use of a single move.;competitive;;50;;;;;;;;;;raw;self;can only use one move;;;;;boost;;;permanent;;;;;;
choicescarf;https://www.serebii.net/itemdex/sprites/choicescarf.png;choice-scarf;Choice Scarf;An item to be held by a Pokťmon. This curious scarf boosts the holder's Speed stat but only allows the use of a single move.;competitive;;;;;;50;;;;;;raw;self;can only use one move;;;;;boost;;;permanent;;;;;;
choicespecs;https://www.serebii.net/itemdex/sprites/choicespecs.png;choice-specs;Choice Specs;An item to be held by a Pokťmon. These curious glasses boost the holder's Sp. Atk stat but only allow the use of a single move.;competitive;;;;50;;;;;;;;raw;self;can only use one move;;;;;boost;;;permanent;;;;;;
clearamulet;https://www.serebii.net/itemdex/sprites/clearamulet.png;clear-amulet;Clear Amulet;An item to be held by a Pokťmon. This clear, sparkling amulet protects the holder from having its stats lowered by moves used against it or by other Pokťmon's Abilities.;competitive;;;;;;;;;;;;;self;;;;;;;;;permanent;;;;;;
cornerstonemask;https://www.serebii.net/itemdex/sprites/cornerstonemask.png;cornerstone-mask;Cornerstone Mask;An item to be held by Ogerpon. This carved wooden mask is adorned with crystals and allows Ogerpon to wield the Rock type during battle.;competitive;;;;;;;;;;;;;self;;ogerpon;;;rock;;;;permanent;;;;;;
covertcloak;https://www.serebii.net/itemdex/sprites/covertcloak.png;covert-cloak;Covert Cloak;An item to be held by a Pokťmon. This hooded cloak conceals the holder, tricking the eyes of its enemies and protecting it from the additional effects of moves.;competitive;;;;;;;;;;;;;self;;;;;;;;;permanent;;;;;;
damprock;https://www.serebii.net/itemdex/sprites/damprock.png;damp-rock;Damp Rock;An item to be held by a Pokťmon. When the holder changes the weather to rain, the rain will persist for longer than usual.;competitive;;;;;;;;;;;;;self;rain;;;;;;;;permanent;;;;;;
darkgem;https://www.serebii.net/itemdex/sprites/darkgem.png;dark-gem;Dark Gem;An item to be held by a Pokťmon. This gem is imbued with the essence of darkness and will boost the power of a Dark-type moveóbut only once.;competitive;;;;;;;;;;;;;self;uses dark type move;;;;dark;boost;;30;single;;;;;;
darkmemory;https://www.serebii.net/itemdex/sprites/darkmemory.png;dark-memory;Dark Memory;A memory disc that contains Dark-type data. It changes the type of the holder if held by a certain species of Pokťmon.;competitive;;;;;;;;;;;;;self;;silvally;;;dark;;;;permanent;;;;;;
darkiniumz;https://www.serebii.net/itemdex/sprites/darkiniumz.png;darkinium-z;Darkinium Z;It converts Z-Power into crystals that upgrade Dark-type moves to Dark-type Z-Moves.;competitive;;;;;;;;;;;;;self;;;;;;;;;permanent;;;;;;
decidiumz;https://www.serebii.net/itemdex/sprites/decidiumz.png;decidium-z;Decidium Z;It converts Z-Power into crystals that upgrade Decidueye's Spirit Shackle to a Z-Move.;competitive;;;;;;;;;;;;;self;;;;;;;;;permanent;;;;;;
deepseascale;https://www.serebii.net/itemdex/sprites/deepseascale.png;deep-sea-scale;Deep Sea Scale;An item to be held by Clamperl. This scale shines with a faint pink and boosts Clamperl's Sp. Def stat.;evolution;;;;;;;;;;;;;;hold+trade;clamperl;gorebyss;;;;;;;;;;;;
deepseatooth;https://www.serebii.net/itemdex/sprites/deepseatooth.png;deep-sea-tooth;Deep Sea Tooth;An item to be held by Clamperl. This fang gleams a sharp silver and boosts Clamperl's Sp. Atk stat.;evolution;;;;;;;;;;;;;;hold+trade;clamperl;huntail;;;;;;;;;;;;
destinyknot;https://www.serebii.net/itemdex/sprites/destinyknot.png;destiny-knot;Destiny Knot;An item to be held by a Pokťmon. Should the holder of this bright-red thread become infatuated, the Pokťmon it is infatuated with will be similarly afflicted.;competitive;;;;;;;;;;;;;enemy;;;;;;;;;permanent;infat;inflicts;TRUE;passes 5 ivs;;
dousedrive;https://www.serebii.net/itemdex/sprites/dousedrive.png;douse-drive;Douse Drive;A cassette to be held by Genesect. It changes Genesect's Techno Blast move so it becomes Water type.;competitive;;;;;;;;;;;;;self;;genesect;;;water;;;;permanent;;;;;;
dracoplate;https://www.serebii.net/itemdex/sprites/dracoplate.png;draco-plate;Draco Plate;An item to be held by a Pokťmon. This stone tablet is imbued with the essence of dragons and boosts the power of the holder's Dragon-type moves.;competitive;;;;;;;;;;;;;self;;;;;dragon;boost;;20;permanent;;;;;;
dragonfang;https://www.serebii.net/itemdex/sprites/dragonfang.png;dragon-fang;Dragon Fang;An item to be held by a Pokťmon. This hard, sharp fang boosts the power of the holder's Dragon-type moves.;competitive;;;;;;;;;;;;;self;;;;;dragon;boost;;20;permanent;;;;;;
dragongem;https://www.serebii.net/itemdex/sprites/dragongem.png;dragon-gem;Dragon Gem;An item to be held by a Pokťmon. This gem is imbued with the essence of dragons and will boost the power of a Dragon-type moveóbut only once.;competitive;;;;;;;;;;;;;self;uses dragon type move;;;;dragon;boost;;30;single;;;;;;
dragonmemory;https://www.serebii.net/itemdex/sprites/dragonmemory.png;dragon-memory;Dragon Memory;A memory disc that contains Dragon-type data. It changes the type of the holder if held by a certain species of Pokťmon.;competitive;;;;;;;;;;;;;self;;silvally;;;dragon;;;;permanent;;;;;;
dragoniumz;https://www.serebii.net/itemdex/sprites/dragoniumz.png;dragonium-z;Dragonium Z;It converts Z-Power into crystals that upgrade Dragon-type moves to Dragon-type Z-Moves.;competitive;;;;;;;;;;;;;self;;;;;;;;;permanent;;;;;;
dreadplate;https://www.serebii.net/itemdex/sprites/dreadplate.png;dread-plate;Dread Plate;An item to be held by a Pokťmon. This stone tablet is imbued with the essence of darkness and boosts the power of the holder's Dark-type moves.;competitive;;;;;;;;;;;;;self;;;;;dark;boost;;20;permanent;;;;;;
earthplate;https://www.serebii.net/itemdex/sprites/earthplate.png;earth-plate;Earth Plate;An item to be held by a Pokťmon. This stone tablet is imbued with the essence of the earth and boosts the power of the holder's Ground-type moves.;competitive;;;;;;;;;;;;;self;;;;;earth;boost;;20;permanent;;;;;;
eeviumz;https://www.serebii.net/itemdex/sprites/eeviumz.png;eevium-z;Eevium Z;It converts Z-Power into crystals that upgrade Eevee's Last Resort to a Z-Move.;competitive;;;;;;;;;;;;;self;;;;;;;;;permanent;;;;;;
ejectbutton;https://www.serebii.net/itemdex/sprites/ejectbutton.png;eject-button;Eject Button;An item to be held by a Pokťmon. If the holder is damaged by an attack, it will be switched out of battle to be replaced by another Pokťmon on your team.;competitive;;;;;;;;;;;;;self;receive an attack;;;;;;;;single;;;;;;
ejectpack;https://www.serebii.net/itemdex/sprites/ejectpack.png;eject-pack;Eject Pack;An item to be held by a Pokťmon. If the holder's stats are lowered, it will be switched out of battle.;competitive;;;;;;;;;;;;;self;stats are lowered;;;;;;;;single;;;;;;
electricgem;https://www.serebii.net/itemdex/sprites/electricgem.png;electric-gem;Electric Gem;An item to be held by a Pokťmon. This gem is imbued with the essence of electricity and will boost the power of an Electric-type moveóbut only once.;competitive;;;;;;;;;;;;;self;uses electric type move;;;;electric;boost;;30;single;;;;;;
electricmemory;https://www.serebii.net/itemdex/sprites/electricmemory.png;electric-memory;Electric Memory;A memory disc that contains Electric-type data. It changes the type of the holder if held by a certain species of Pokťmon.;competitive;;;;;;;;;;;;;self;;silvally;;;electric;;;;permanent;;;;;;
electricseed;https://www.serebii.net/itemdex/sprites/electricseed.png;electric-seed;Electric Seed;An item to be held by a Pokťmon. If the terrain becomes Electric Terrain, the holder will use this seed to boost its own Defense stat.;competitive;;;1;;;;;;;;;stage;self;electric terrain;;;;;boost;;;single;;;;;;
electriumz;https://www.serebii.net/itemdex/sprites/electriumz.png;electrium-z;Electrium Z;It converts Z-Power into crystals that upgrade Electric-type moves to Electric-type Z-Moves.;competitive;;;;;;;;;;;;;self;;;;;;;;;permanent;;;;;;
everstone;https://www.serebii.net/itemdex/sprites/everstone.png;everstone;Everstone;An item to be held by a Pokťmon. A Pokťmon holding this peculiar stone is prevented from evolving.;evolution;;;;;;;;;;;;;;;;;;;;;;;;;TRUE;keeps nature and regional form;;
eviolite;https://www.serebii.net/itemdex/sprites/eviolite.png;eviolite;Eviolite;An item to be held by a Pokťmon. This mysterious evolutionary lump boosts the Defense and Sp. Def stats when held by a Pokťmon that can still evolve.;competitive;;50;;;50;;;;;;;raw;self;no full evolved;;;;;boost;;;permanent;;;;;;
expertbelt;https://www.serebii.net/itemdex/sprites/expertbelt.png;expert-belt;Expert Belt;An item to be held by a Pokťmon. It's a well-worn belt that slightly boosts the power of the holder's supereffective moves.;competitive;;;;;;;;;;;;;self;uses supereffective move;;;;;boost;;20;permanent;;;;;;
fairiumz;https://www.serebii.net/itemdex/sprites/fairiumz.png;fairium-z;Fairium Z;It converts Z-Power into crystals that upgrade Fairy-type moves to Fairy-type Z-Moves.;competitive;;;;;;;;;;;;;self;;;;;;;;;permanent;;;;;;
fairyfeather;https://www.serebii.net/itemdex/sprites/fairyfeather.png;fairy-feather;Fairy Feather;An item to be held by a Pokťmon. This feather, which gleams faintly when hit by light, boosts the power of the holder's Fairy-type moves.;competitive;;;;;;;;;;;;;self;;;;;fairy;boost;;20;permanent;;;;;;
fairygem;https://www.serebii.net/itemdex/sprites/fairygem.png;fairy-gem;Fairy Gem;An item to be held by a Pokťmon. This gem is imbued with the essence of fairies and will boost the power of a Fairy-type moveóbut only once.;competitive;;;;;;;;;;;;;self;uses fairy type move;;;;fairy;boost;;30;single;;;;;;
fairymemory;https://www.serebii.net/itemdex/sprites/fairymemory.png;fairy-memory;Fairy Memory;A memory disc that contains Fairy-type data. It changes the type of the holder if held by a certain species of Pokťmon.;competitive;;;;;;;;;;;;;self;;silvally;;;fairy;;;;permanent;;;;;;
fightinggem;https://www.serebii.net/itemdex/sprites/fightinggem.png;fighting-gem;Fighting Gem;An item to be held by a Pokťmon. This gem is imbued with the essence of the fighting spirit and will boost the power of a Fighting-type moveóbut only once.;competitive;;;;;;;;;;;;;self;uses fighting type move;;;;fight;boost;;30;single;;;;;;
fightingmemory;https://www.serebii.net/itemdex/sprites/fightingmemory.png;fighting-memory;Fighting Memory;A memory disc that contains Fighting-type data. It changes the type of the holder if held by a certain species of Pokťmon.;competitive;;;;;;;;;;;;;self;;silvally;;;fight;;;;permanent;;;;;;
fightiniumz;https://www.serebii.net/itemdex/sprites/fightiniumz.png;fightinium-z;Fightinium Z;It converts Z-Power into crystals that upgrade Fighting-type moves to Fighting-type Z-Moves.;competitive;;;;;;;;;;;;;self;;;;;;;;;permanent;;;;;;
firegem;https://www.serebii.net/itemdex/sprites/firegem.png;fire-gem;Fire Gem;An item to be held by a Pokťmon. This gem is imbued with the essence of fire and will boost the power of a Fire-type moveóbut only once.;competitive;;;;;;;;;;;;;self;uses fire type move;;;;fire;boost;;30;single;;;;;;
firememory;https://www.serebii.net/itemdex/sprites/firememory.png;fire-memory;Fire Memory;A memory disc that contains Fire-type data. It changes the type of the holder if held by a certain species of Pokťmon.;competitive;;;;;;;;;;;;;self;;silvally;;;fire;;;;permanent;;;;;;
firiumz;https://www.serebii.net/itemdex/sprites/firiumz.png;firium-z;Firium Z;It converts Z-Power into crystals that upgrade Fire-type moves to Fire-type Z-Moves.;competitive;;;;;;;;;;;;;self;;;;;;;;;permanent;;;;;;
fistplate;https://www.serebii.net/itemdex/sprites/fistplate.png;fist-plate;Fist Plate;An item to be held by a Pokťmon. This stone tablet is imbued with the essence of the fighting spirit and boosts the power of the holder's Fighting-type moves.;competitive;;;;;;;;;;;;;self;;;;;fight;boost;;20;permanent;;;;;;
flameorb;https://www.serebii.net/itemdex/sprites/flameorb.png;flame-orb;Flame Orb;An item to be held by a Pokťmon. It's a bizarre orb that gives off heat when touched and will afflict the holder with a burn during battle.;competitive;;;;;;;;;;;;;self;;;;;;;;;permanent;burn;inflicts;;;;
flameplate;https://www.serebii.net/itemdex/sprites/flameplate.png;flame-plate;Flame Plate;An item to be held by a Pokťmon. This stone tablet is imbued with the essence of fire and boosts the power of the holder's Fire-type moves.;competitive;;;;;;;;;;;;;self;;;;;fire;boost;;20;permanent;;;;;;
floatstone;https://www.serebii.net/itemdex/sprites/floatstone.png;float-stone;Float Stone;An item to be held by a Pokťmon. This very light stone reduces the weight of the holder.;competitive;;;;;;;;;;;;;self;;;;;;;;;permanent;;;;;;
flyinggem;https://www.serebii.net/itemdex/sprites/flyinggem.png;flying-gem;Flying Gem;An item to be held by a Pokťmon. This gem is imbued with the essence of flight and will boost the power of a Flying-type moveóbut only once.;competitive;;;;;;;;;;;;;self;uses flying type move;;;;flying;boost;;30;single;;;;;;
flyingmemory;https://www.serebii.net/itemdex/sprites/flyingmemory.png;flying-memory;Flying Memory;A memory disc that contains Flying-type data. It changes the type of the holder if held by a certain species of Pokťmon.;competitive;;;;;;;;;;;;;self;;silvally;;;flying;;;;permanent;;;;;;
flyiniumz;https://www.serebii.net/itemdex/sprites/flyiniumz.png;flyinium-z;Flyinium Z;It converts Z-Power into crystals that upgrade Flying-type moves to Flying-type Z-Moves.;competitive;;;;;;;;;;;;;self;;;;;;;;;permanent;;;;;;
focusband;https://www.serebii.net/itemdex/sprites/focusband.png;focus-band;Focus Band;An item to be held by a Pokťmon. When the holder is hit with a move that should knock it out, it may be able to endure with 1 HP.;competitive;;;;;;;;;;;;;self;;;;;;;;;permanent;;;;;;
focussash;https://www.serebii.net/itemdex/sprites/focussash.png;focus-sash;Focus Sash;An item to be held by a Pokťmon. If the holder has full HP and it is hit with a move that should knock it out, it will endure with 1 HPóbut only once.;competitive;;;;;;;;;;;;;self;;;;;;;;;single;;;;;;
fullincense;https://www.serebii.net/itemdex/sprites/fullincense.png;full-incense;Full Incense;An item to be held by a Pokťmon. This incense has a curious aroma that makes the holder move slower than usual.;competitive;;;;;;;;;;;;;self;;;;;;;;;permanent;;;;;;
ghostgem;https://www.serebii.net/itemdex/sprites/ghostgem.png;ghost-gem;Ghost Gem;An item to be held by a Pokťmon. This gem is imbued with the essence of ghosts and will boost the power of a Ghost-type moveóbut only once.;competitive;;;;;;;;;;;;;self;uses ghost type move;;;;ghost;boost;;30;single;;;;;;
ghostmemory;https://www.serebii.net/itemdex/sprites/ghostmemory.png;ghost-memory;Ghost Memory;A memory disc that contains Ghost-type data. It changes the type of the holder if held by a certain species of Pokťmon.;competitive;;;;;;;;;;;;;self;;silvally;;;ghost;;;;permanent;;;;;;
ghostiumz;https://www.serebii.net/itemdex/sprites/ghostiumz.png;ghostium-z;Ghostium Z;It converts Z-Power into crystals that upgrade Ghost-type moves to Ghost-type Z-Moves.;competitive;;;;;;;;;;;;;self;;;;;;;;;permanent;;;;;;
grassgem;https://www.serebii.net/itemdex/sprites/grassgem.png;grass-gem;Grass Gem;An item to be held by a Pokťmon. This gem is imbued with the essence of plants and will boost the power of a Grass-type moveóbut only once.;competitive;;;;;;;;;;;;;self;uses grass type move;;;;grass;boost;;30;single;;;;;;
grassmemory;https://www.serebii.net/itemdex/sprites/grassmemory.png;grass-memory;Grass Memory;A memory disc that contains Grass-type data. It changes the type of the holder if held by a certain species of Pokťmon.;competitive;;;;;;;;;;;;;self;;silvally;;;grass;;;;permanent;;;;;;
grassiumz;https://www.serebii.net/itemdex/sprites/grassiumz.png;grassium-z;Grassium Z;It converts Z-Power into crystals that upgrade Grass-type moves to Grass-type Z-Moves.;competitive;;;;;;;;;;;;;self;;;;;;;;;permanent;;;;;;
grassyseed;https://www.serebii.net/itemdex/sprites/grassyseed.png;grassy-seed;Grassy Seed;An item to be held by a Pokťmon. If the terrain becomes Grassy Terrain, the holder will use this seed to boost its own Defense stat.;competitive;;;1;;;;;;;;;stage;self;;;;;;boost;;;single;;;;;;
gripclaw;https://www.serebii.net/itemdex/sprites/gripclaw.png;grip-claw;Grip Claw;An item to be held by a Pokťmon. When the holder uses moves that deal damage over several turns, such as Bind or Wrap, their effects will last longer than usual.;competitive;;;;;;;;;;;;;enemy;;;;;;;;;permanent;;;;;;
griseouscore;https://www.serebii.net/itemdex/sprites/griseouscore.png;griseous-core;Griseous Core;An item to be held by Giratina. This large, glowing gem wells with power and allows the Pokťmon to change form.;competitive;;;;;;;;;;;;;self;;giratina;;;"[ghost;dragon]";boost;;20;permanent;;;;;;
griseousorb;https://www.serebii.net/itemdex/sprites/griseousorb.png;griseous-orb;Griseous Orb;A shining gem to be held by Giratina. It boosts the power of Giratina's Dragon- and Ghost-type moves.;competitive;;;;;;;;;;;;;self;;giratina;;;"[ghost;dragon]";boost;;20;permanent;;;;;;
groundgem;https://www.serebii.net/itemdex/sprites/groundgem.png;ground-gem;Ground Gem;An item to be held by a Pokťmon. This gem is imbued with the essence of the earth and will boost the power of a Ground-type moveóbut only once.;competitive;;;;;;;;;;;;;self;uses ground type move;;;;ground;boost;;30;single;;;;;;
groundmemory;https://www.serebii.net/itemdex/sprites/groundmemory.png;ground-memory;Ground Memory;A memory disc that contains Ground-type data. It changes the type of the holder if held by a certain species of Pokťmon.;competitive;;;;;;;;;;;;;self;;silvally;;;ground;;;;permanent;;;;;;
groundiumz;https://www.serebii.net/itemdex/sprites/groundiumz.png;groundium-z;Groundium Z;It converts Z-Power into crystals that upgrade Ground-type moves to Ground-type Z-Moves.;competitive;;;;;;;;;;;;;self;;;;;;;;;permanent;;;;;;
hardstone;https://www.serebii.net/itemdex/sprites/hardstone.png;hard-stone;Hard Stone;An item to be held by a Pokťmon. It's a durable stone that boosts the power of the holder's Rock-type moves.;competitive;;;;;;;;;;;;;self;;;;;rock;boost;;20;permanent;;;;;;
hearthflamemask;https://www.serebii.net/itemdex/sprites/hearthflamemask.png;hearthflame-mask;Hearthflame Mask;An item to be held by Ogerpon. This carved wooden mask is adorned with crystals and allows Ogerpon to wield the Fire type during battle.;competitive;;;;;;;;;;;;;self;;ogerpon;;;fire;;;;permanent;;;;;;
heatrock;https://www.serebii.net/itemdex/sprites/heatrock.png;heat-rock;Heat Rock;An item to be held by a Pokťmon. When the holder changes the weather to harsh sunlight, the sunlight will persist for longer than usual.;competitive;;;;;;;;;;;;;self;drought;;;;;;;;permanent;;;;;;
heavy-dutyboots;https://www.serebii.net/itemdex/sprites/heavy-dutyboots.png;heavy-duty-boots;Heavy-Duty Boots;An item to be held by a Pokťmon. These boots protect the holder from the effects of traps and the like set on the battlefield.;competitive;;;;;;;;;;;;;self;;;;;;;;;permanent;;;;;;
icegem;https://www.serebii.net/itemdex/sprites/icegem.png;ice-gem;Ice Gem;An item to be held by a Pokťmon. This gem is imbued with the essence of ice and will boost the power of an Ice-type moveóbut only once.;competitive;;;;;;;;;;;;;self;uses ice type move;;;;ice;boost;;30;single;;;;;;
icememory;https://www.serebii.net/itemdex/sprites/icememory.png;ice-memory;Ice Memory;A memory disc that contains Ice-type data. It changes the type of the holder if held by a certain species of Pokťmon.;competitive;;;;;;;;;;;;;self;;silvally;;;ice;;;;permanent;;;;;;
icicleplate;https://www.serebii.net/itemdex/sprites/icicleplate.png;icicle-plate;Icicle Plate;An item to be held by a Pokťmon. This stone tablet is imbued with the essence of ice and boosts the power of the holder's Ice-type moves.;competitive;;;;;;;;;;;;;self;;;;;ice;boost;;20;permanent;;;;;;
iciumz;https://www.serebii.net/itemdex/sprites/iciumz.png;icium-z;Icium Z;It converts Z-Power into crystals that upgrade Ice-type moves to Ice-type Z-Moves.;competitive;;;;;;;;;;;;;self;;;;;;;;;permanent;;;;;;
icyrock;https://www.serebii.net/itemdex/sprites/icyrock.png;icy-rock;Icy Rock;An item to be held by a Pokťmon. When the holder changes the weather to snow, the snow will persist for longer than usual.;competitive;;;;;;;;;;;;;self;haze;;;;;;;;permanent;;;;;;
inciniumz;https://www.serebii.net/itemdex/sprites/inciniumz.png;incinium-z;Incinium Z;It converts Z-Power into crystals that upgrade Incineroar's Darkest Lariat to a Z-Move.;competitive;;;;;;;;;;;;;self;;;;;;;;;permanent;;;;;;
insectplate;https://www.serebii.net/itemdex/sprites/insectplate.png;insect-plate;Insect Plate;An item to be held by a Pokťmon. This stone tablet is imbued with the essence of bugs and boosts the power of the holder's Bug-type moves.;competitive;;;;;;;;;;;;;self;;;;;bug;boost;;20;permanent;;;;;;
ironball;https://www.serebii.net/itemdex/sprites/ironball.png;iron-ball;Iron Ball;An item to be held by a Pokťmon. It lowers the holder's Speed stat and makes the holder vulnerable to Ground- type moves even if it is a Flying type or is levitating.;competitive;;;;;;50;;;;;;raw;self;;;;;;reduces;;;permanent;;;;;;
ironplate;https://www.serebii.net/itemdex/sprites/ironplate.png;iron-plate;Iron Plate;An item to be held by a Pokťmon. This stone tablet is imbued with the essence of steel and boosts the power of the holder's Steel-type moves.;competitive;;;;;;;;;;;;;self;;;;;steel;boost;;20;permanent;;;;;;
king'srock;https://www.serebii.net/itemdex/sprites/king'srock.png;king's-rock;King's Rock;An item to be held by a Pokťmon. It may cause the target to flinch whenever the holder successfully inflicts damage on them with an attack.;evolution;;;;;;;;;;;;;;hold+trade;"[poliwhirl;slowpoke]";"[politoed;slowking]";;;;;;;;;;;;
kommoniumz;https://www.serebii.net/itemdex/sprites/kommoniumz.png;kommonium-z;Kommonium Z;It converts Z-Power into crystals that upgrade Kommo-o's Clanging Scales to a Z-Move.;competitive;;;;;;;;;;;;;self;;;;;;;;;permanent;;;;;;
laggingtail;https://www.serebii.net/itemdex/sprites/laggingtail.png;lagging-tail;Lagging Tail;An item to be held by a Pokťmon. A tail of something, this item is tremendously heavy and makes the holder move slower than usual.;competitive;;;;;;;;;;;;;self;;;;;;;;;permanent;;;;;;
laxincense;https://www.serebii.net/itemdex/sprites/laxincense.png;lax-incense;Lax Incense;An item to be held by a Pokťmon. The curious aroma of this incense may cause moves to miss its holder.;competitive;;;;;;;;;;;;;enemy;;;;;;reduces;10;;permanent;;;;;;
leek;https://www.serebii.net/itemdex/sprites/leek.png;leek;Leek;An item to be held by Farfetch'd or Sirfetch'd. This very long and stiff stalk of leek boosts the critical-hit ratio of their moves.;competitive;;;;;;;2;;;;;stage;self;;farfetchd;;;;boost;;;permanent;;;;;;
leftovers;https://www.serebii.net/itemdex/sprites/leftovers.png;leftovers;Leftovers;An item to be held by a Pokťmon. It slowly but steadily restores the holder's HP.;competitive;6,25;;;;;;;;;;;stage;self;;;;;;boost;;;permanent;;;;;;
lifeorb;https://www.serebii.net/itemdex/sprites/lifeorb.png;life-orb;Life Orb;An item to be held by a Pokťmon. It boosts the power of the holder's moves, but the holder also loses a small amount of HP upon landing an attack.;competitive;-10;30;;;;;;;;;;raw;self;;;;;;boost;;;permanent;;;;;;
lightball;https://www.serebii.net/itemdex/sprites/lightball.png;light-ball;Light Ball;An item to be held by Pikachu. It's a mysterious orb that boosts Pikachu's Attack and Sp. Atk stats.;competitive;;100;;100;;;;;;;;raw;self;;pikachu;;;;boost;;;permanent;;;;;;
lightclay;https://www.serebii.net/itemdex/sprites/lightclay.png;light-clay;Light Clay;An item to be held by a Pokťmon. When the holder uses protective moves like Light Screen or Reflect, their effects will last longer than usual.;competitive;;;;;;;;;;;;;self;;;;;;;;;permanent;;;;;;
loadeddice;https://www.serebii.net/itemdex/sprites/loadeddice.png;loaded-dice;Loaded Dice;An item to be held by a Pokťmon. This loaded dice always rolls a good number, and holding one can ensure that the holder's multistrike moves hit more times.;competitive;;;;;;;;;;;;;self;;;;;;;;;permanent;;;;;;
luckypunch;https://www.serebii.net/itemdex/sprites/luckypunch.png;lucky-punch;Lucky Punch;An item to be held by Chansey. This lucky boxing glove boosts the critical-hit ratio of Chansey's moves.;competitive;;;;;;;2;;;;;stage;self;;chansey;;;;boost;;;permanent;;;;;;
luminousmoss;https://www.serebii.net/itemdex/sprites/luminousmoss.png;luminous-moss;Luminous Moss;An item to be held by a Pokťmon. This single-use luminous moss boosts the Sp. Def stat if the holder is damaged by a Water-type move.;competitive;;;;;1;;;;;;;stage;self;hit by water move;;;;;boost;;;single;;;;;;
lunaliumz;https://www.serebii.net/itemdex/sprites/lunaliumz.png;lunalium-z;Lunalium Z;It converts Z-Power into crystals that upgrade Lunala's Moongeist Beam to a Z-Move.;competitive;;;;;;;;;;;;;self;;;;;;;;;permanent;;;;;;
lustrousglobe;https://www.serebii.net/itemdex/sprites/lustrousglobe.png;lustrous-globe;Lustrous Globe;An item to be held by Palkia. This large, glowing orb wells with power and allows the Pokťmon to change form.;competitive;;;;;;;;;;;;;self;;palkia;;;"[water;dragon]";boost;;20;permanent;;;;;;
lustrousorb;https://www.serebii.net/itemdex/sprites/lustrousorb.png;lustrous-orb;Lustrous Orb;A beautifully shining gem to be held by Palkia. It boosts the power of Palkia's Dragon- and Water-type moves.;competitive;;;;;;;;;;;;;self;;palkia;;;"[water;dragon]";boost;;20;permanent;;;;;;
lycaniumz;https://www.serebii.net/itemdex/sprites/lycaniumz.png;lycanium-z;Lycanium Z;It converts Z-Power into crystals that upgrade Lycanroc's Stone Edge to a Z-Move.;competitive;;;;;;;;;;;;;self;;;;;;;;;permanent;;;;;;
machobrace;https://www.serebii.net/itemdex/sprites/machobrace.png;macho-brace;Macho Brace;An item to be held by a Pokťmon. Holding this stiff, heavy brace reduces a Pokťmon's Speed in battle but allows its stats to grow more quickly.;miscellaneous;;;;;;;;;;;;;;;;;;;;;;;;;TRUE;doubles ev gain;;
magnet;https://www.serebii.net/itemdex/sprites/magnet.png;magnet;Magnet;An item to be held by a Pokťmon. It's a powerful magnet that boosts the power of the holder's Electric-type moves.;competitive;;;;;;;;;;;;;self;;;;;electric;boost;;20;permanent;;;;;;
marshadiumz;https://www.serebii.net/itemdex/sprites/marshadiumz.png;marshadium-z;Marshadium Z;It converts Z-Power into crystals that upgrade Marshadow's Spectral Thief to a Z-Move.;competitive;;;;;;;;;;;;;self;;;;;;;;;permanent;;;;;;
meadowplate;https://www.serebii.net/itemdex/sprites/meadowplate.png;meadow-plate;Meadow Plate;An item to be held by a Pokťmon. This stone tablet is imbued with the essence of plants and boosts the power of the holder's Grass-type moves.;competitive;;;;;;;;;;;;;self;;;;;grass;boost;;20;permanent;;;;;;
mentalherb;https://www.serebii.net/itemdex/sprites/mentalherb.png;mental-herb;Mental Herb;An item to be held by a Pokťmon. The holder will be able to shake off move-binding effects to move freelyó but only once.;competitive;;;;;;;;;;;;;self;;;;;;;;;single;;;;;;
metalcoat;https://www.serebii.net/itemdex/sprites/metalcoat.png;metal-coat;Metal Coat;An item to be held by a Pokťmon. It's a special metallic coating that boosts the power of the holder's Steel-type moves.;evolution;;;;;;;;;;;;;;hold+trade;"[onix;scyther]";"[steelix;scizor]";;;;;;;;;;;;
metalpowder;https://www.serebii.net/itemdex/sprites/metalpowder.png;metal-powder;Metal Powder;An item to be held by Ditto. Extremely fine yet hard, this odd powder boosts Ditto's Defense stat.;competitive;;;50;;50;;;;;;;raw;self;;ditto;;;;boost;;;permanent;;;;;;
metronome;https://www.serebii.net/itemdex/sprites/metronome.png;metronome;Metronome;An item to be held by a Pokťmon. It boosts the power of a move that's used repeatedly. Once the chain is broken, the move's power returns to normal.;competitive;;;;;;;;;;;;;self;;;;;;;;;permanent;;;;;;
mewniumz;https://www.serebii.net/itemdex/sprites/mewniumz.png;mewnium-z;Mewnium Z;It converts Z-Power into crystals that upgrade Mew's Psychic to a Z-Move.;competitive;;;;;;;;;;;;;self;;;;;;;;;permanent;;;;;;
mimikiumz;https://www.serebii.net/itemdex/sprites/mimikiumz.png;mimikium-z;Mimikium Z;It converts Z-Power into crystals that upgrade Mimikyu's Play Rough to a Z-Move.;competitive;;;;;;;;;;;;;self;;;;;;;;;permanent;;;;;;
mindplate;https://www.serebii.net/itemdex/sprites/mindplate.png;mind-plate;Mind Plate;An item to be held by a Pokťmon. This stone tablet is imbued with the essence of psychic energy and boosts the power of the holder's Psychic-type moves.;competitive;;;;;;;;;;;;;self;;;;;psychic;boost;;20;permanent;;;;;;
miracleseed;https://www.serebii.net/itemdex/sprites/miracleseed.png;miracle-seed;Miracle Seed;An item to be held by a Pokťmon. It's a seed imbued with life force that boosts the power of the holder's Grass-type moves.;competitive;;;;;;;;;;;;;self;;;;;grass;boost;;20;permanent;;;;;;
mirrorherb;https://www.serebii.net/itemdex/sprites/mirrorherb.png;mirror-herb;Mirror Herb;An item to be held by a Pokťmon. This herb will allow the holder to mirror an opponent's stat increases to boost its own statsóbut only once.;competitive;;;;;;;;;;;;;self;;;;;;;;;single;;;;;;
mistyseed;https://www.serebii.net/itemdex/sprites/mistyseed.png;misty-seed;Misty Seed;An item to be held by a Pokťmon. If the terrain becomes Misty Terrain, the holder will use this seed to boost its own Sp. Def stat.;competitive;;;;;1;;;;;;;stage;self;;;;;;boost;;;single;;;;;;
muscleband;https://www.serebii.net/itemdex/sprites/muscleband.png;muscle-band;Muscle Band;An item to be held by a Pokťmon. This headband exudes strength, slightly boosting the power of the holder's physical moves.;competitive;;;;;;;;;;;;raw;self;physical attacks;;;;;boost;;10;permanent;;;;;;
mysticwater;https://www.serebii.net/itemdex/sprites/mysticwater.png;mystic-water;Mystic Water;An item to be held by a Pokťmon. This teardrop-shaped gem boosts the power of the holder's Water-type moves.;competitive;;;;;;;;;;;;;self;;;;;water;boost;;20;permanent;;;;;;
never-meltice;https://www.serebii.net/itemdex/sprites/never-meltice.png;never-melt-ice;Never-Melt Ice;An item to be held by a Pokťmon. It's a heat-repelling piece of ice that boosts the power of the holder's Ice- type moves.;competitive;;;;;;;;;;;;;self;;;;;ice;boost;;20;permanent;;;;;;
normalgem;https://www.serebii.net/itemdex/sprites/normalgem.png;normal-gem;Normal Gem;An item to be held by a Pokťmon. This gem is imbued with the essence of normalcy and will boost the power of a Normal-type moveóbut only once.;competitive;;;;;;;;;;;;;self;uses normal type move;;;;normal;boost;;30;single;;;;;;
normaliumz;https://www.serebii.net/itemdex/sprites/normaliumz.png;normalium-z;Normalium Z;It converts Z-Power into crystals that upgrade Normal-type moves to Normal-type Z-Moves.;competitive;;;;;;;;;;;;;self;;;;;;;;;permanent;;;;;;
oddincense;https://www.serebii.net/itemdex/sprites/oddincense.png;odd-incense;Odd Incense;An item to be held by a Pokťmon. This incense has a curious aroma that boosts the power of the holder's Psychic-type moves.;competitive;;;;;;;;;;;;;self;;;;;psychic;boost;;20;permanent;;;;;;
pikaniumz;https://www.serebii.net/itemdex/sprites/pikaniumz.png;pikanium-z;Pikanium Z;It converts Z-Power into crystals that upgrade Pikachu's Volt Tackle to a Z-Move.;competitive;;;;;;;;;;;;;self;;;;;;;;;permanent;;;;;;
pikashuniumz;https://www.serebii.net/itemdex/sprites/pikashuniumz.png;pikashunium-z;Pikashunium Z;This is a crystallized form of Z-Power. It upgrades Thunderbolt to a Z-Move when used by a Pikachu wearing a cap.;competitive;;;;;;;;;;;;;self;;pikachu;;;;;;;permanent;;;;;;
pinkbow;https://www.serebii.net/itemdex/sprites/pinkbow.png;pink-bow;Pink Bow;Powers up normal-type moves.;competitive;;;;;;;;;;;;;self;;;;;normal;boost;;10;permanent;;;;;;
pixieplate;https://www.serebii.net/itemdex/sprites/pixieplate.png;pixie-plate;Pixie Plate;An item to be held by a Pokťmon. This stone tablet is imbued with the essence of fairies and boosts the power of the holder's Fairy-type moves.;competitive;;;;;;;;;;;;;self;;;;;fairy;boost;;20;permanent;;;;;;
poisonbarb;https://www.serebii.net/itemdex/sprites/poisonbarb.png;poison-barb;Poison Barb;An item to be held by a Pokťmon. This small poisonous barb boosts the power of the holder's Poison-type moves.;competitive;;;;;;;;;;;;;self;;;;;poison;boost;;20;permanent;;;;;;
poisongem;https://www.serebii.net/itemdex/sprites/poisongem.png;poison-gem;Poison Gem;An item to be held by a Pokťmon. This gem is imbued with the essence of poison and will boost the power of a Poison-type moveóbut only once.;competitive;;;;;;;;;;;;;self;uses poison type move;;;;poison;boost;;30;single;;;;;;
poisonmemory;https://www.serebii.net/itemdex/sprites/poisonmemory.png;poison-memory;Poison Memory;A memory disc that contains Poison-type data. It changes the type of the holder if held by a certain species of Pokťmon.;competitive;;;;;;;;;;;;;self;;silvally;;;poison;;;;permanent;;;;;;
poisoniumz;https://www.serebii.net/itemdex/sprites/poisoniumz.png;poisonium-z;Poisonium Z;It converts Z-Power into crystals that upgrade Poison-type moves to Poison-type Z-Moves.;competitive;;;;;;;;;;;;;self;;;;;;;;;permanent;;;;;;
polkadotbow;https://www.serebii.net/itemdex/sprites/polkadotbow.png;polkadot-bow;Polkadot Bow;Powers up normal-type moves.;competitive;;;;;;;;;;;;;self;;;;;normal;boost;;10;permanent;;;;;;
poweranklet;https://www.serebii.net/itemdex/sprites/poweranklet.png;power-anklet;Power Anklet;An item to be held by a Pokťmon. This anklet reduces a Pokťmon's Speed in battle but allows its Speed stat to grow more quickly.;miscellaneous;;;;;;;;;;;;;;;;;;;;;;;;;TRUE;8 extra evs on spe;;
powerband;https://www.serebii.net/itemdex/sprites/powerband.png;power-band;Power Band;An item to be held by a Pokťmon. This band reduces a Pokťmon's Speed in battle but allows its Sp. Def stat to grow more quickly.;miscellaneous;;;;;;;;;;;;;;;;;;;;;;;;;TRUE;8 extra evs on spd;;
powerbelt;https://www.serebii.net/itemdex/sprites/powerbelt.png;power-belt;Power Belt;An item to be held by a Pokťmon. This belt reduces a Pokťmon's Speed in battle but allows its Defense stat to grow more quickly.;miscellaneous;;;;;;;;;;;;;;;;;;;;;;;;;TRUE;8 extra evs on def;;
powerbracer;https://www.serebii.net/itemdex/sprites/powerbracer.png;power-bracer;Power Bracer;An item to be held by a Pokťmon. This bracer reduces a Pokťmon's Speed in battle but allows its Attack stat to grow more quickly.;miscellaneous;;;;;;;;;;;;;;;;;;;;;;;;;TRUE;8 extra evs on atk;;
powerherb;https://www.serebii.net/itemdex/sprites/powerherb.png;power-herb;Power Herb;An item to be held by a Pokťmon. It allows the holder to immediately use a move that normally requires a turn to chargeóbut only once.;competitive;;;;;;;;;;;;;self;;;;;;;;;single;;;;;;
powerlens;https://www.serebii.net/itemdex/sprites/powerlens.png;power-lens;Power Lens;An item to be held by a Pokťmon. This lens reduces a Pokťmon's Speed in battle but allows its Sp. Atk stat to grow more quickly.;miscellaneous;;;;;;;;;;;;;;;;;;;;;;;;;TRUE;8 extra evs on spa;;
powerweight;https://www.serebii.net/itemdex/sprites/powerweight.png;power-weight;Power Weight;An item to be held by a Pokťmon. This weight reduces a Pokťmon's Speed in battle but allows its HP stat to grow more quickly.;miscellaneous;;;;;;;;;;;;;;;;;;;;;;;;;TRUE;8 extra evs on hp;;
primariumz;https://www.serebii.net/itemdex/sprites/primariumz.png;primarium-z;Primarium Z;It converts Z-Power into crystals that upgrade Primarina's Sparkling Aria to a Z-Move.;competitive;;;;;;;;;;;;;self;;;;;;;;;permanent;;;;;;
protectivepads;https://www.serebii.net/itemdex/sprites/protectivepads.png;protective-pads;Protective Pads;An item to be held by a Pokťmon. These pads protect the holder from effects triggered by making direct contact with another Pokťmon.;competitive;;;;;;;;;;;;;self;;;;;;;;;permanent;;;;;;
psychicgem;https://www.serebii.net/itemdex/sprites/psychicgem.png;psychic-gem;Psychic Gem;An item to be held by a Pokťmon. This gem is imbued with the essence of psychic energy and will boost the power of a Psychic-type moveóbut only once.;competitive;;;;;;;;;;;;;self;uses psychic type move;;;;psychic;boost;;30;single;;;;;;
psychicmemory;https://www.serebii.net/itemdex/sprites/psychicmemory.png;psychic-memory;Psychic Memory;A memory disc that contains Psychic-type data. It changes the type of the holder if held by a certain species of Pokťmon.;competitive;;;;;;;;;;;;;self;;silvally;;;psychic;;;;permanent;;;;;;
psychicseed;https://www.serebii.net/itemdex/sprites/psychicseed.png;psychic-seed;Psychic Seed;An item to be held by a Pokťmon. If the terrain becomes Psychic Terrain, the holder will use this seed to boost its own Sp. Def stat.;competitive;;;;;1;;;;;;;stage;self;psychic terrain;;;;;boost;;;single;;;;;;
psychiumz;https://www.serebii.net/itemdex/sprites/psychiumz.png;psychium-z;Psychium Z;It converts Z-Power into crystals that upgrade Psychic-type moves to Psychic-type Z-Moves.;competitive;;;;;;;;;;;;;self;;;;;;;;;permanent;;;;;;
punchingglove;https://www.serebii.net/itemdex/sprites/punchingglove.png;punching-glove;Punching Glove;An item to be held by a Pokťmon. This protective glove boosts the power of the holder's punching moves and prevents direct contact with targets.;competitive;;;;;;;;;;;;;self;punch;;;;;boost;;10;permanent;;;;;;
quickclaw;https://www.serebii.net/itemdex/sprites/quickclaw.png;quick-claw;Quick Claw;An item to be held by a Pokťmon. This light, sharp claw lets the holder occasionally unleash a move faster than it usually would.;competitive;;;;;;;;;;1;;;self;20% chance of trigger;;;;;boost;;;permanent;;;;;;
quickpowder;https://www.serebii.net/itemdex/sprites/quickpowder.png;quick-powder;Quick Powder;An item to be held by Ditto. Extremely fine yet hard, this odd powder boosts Ditto's Speed stat.;competitive;;;;;;100;;;;;;;self;;ditto;;;;boost;;;single;;;;;;
razorclaw;https://www.serebii.net/itemdex/sprites/razorclaw.png;razor-claw;Razor Claw;An item to be held by a Pokťmon. This sharply hooked claw boosts the critical-hit ratio of the holder's moves.;evolution;;;;;;;;;;;;;;hold+night+level;"[sneasel;10235]";"[weavile;sneasler]";;;;;;;;;;;;
razorfang;https://www.serebii.net/itemdex/sprites/razorfang.png;razor-fang;Razor Fang;An item to be held by a Pokťmon. This sharply hooked fang may cause the target to flinch whenever the holder successfully inflicts damage on them with an attack.;evolution;;;;;;;;;;;;;;hold+night+level;gligar;gliscor;;;;;;;;;;;;
reapercloth;https://www.serebii.net/itemdex/sprites/reapercloth.png;reaper-cloth;Reaper Cloth;A cloth imbued with horrifyingly strong spiritual energy. It's loved by a certain Pokťmon.;evolution;;;;;;;;;;;;;;hold+trade;dusclops;dusknoir;;;;;;;;;;;;
redcard;https://www.serebii.net/itemdex/sprites/redcard.png;red-card;Red Card;An item to be held by a Pokťmon. If the holder is damaged by an attack, the mysterious power of this card can remove the attacker from the battle.;competitive;;;;;;;;;;;;;enemy;;;;;;;;;single;;;;;;
redorb;https://www.serebii.net/itemdex/sprites/redorb.png;red-orb;Red Orb;A shiny red orb that is said to have a deep connection to a legend of the Hoenn region.;competitive;;;;;;;;;;;;;self;;groudon;;;;;;;permanent;;;;;;
ringtarget;https://www.serebii.net/itemdex/sprites/ringtarget.png;ring-target;Ring Target;An item to be held by a Pokťmon. Moves that would normally have no effect due to type matchups will still hit the holder.;competitive;;;;;;;;;;;;;self;;;;;;;;;permanent;;;;;;
rockgem;https://www.serebii.net/itemdex/sprites/rockgem.png;rock-gem;Rock Gem;An item to be held by a Pokťmon. This gem is imbued with the essence of rock and will boost the power of a Rock-type moveóbut only once.;competitive;;;;;;;;;;;;;self;uses rock type move;;;;rock;boost;;30;single;;;;;;
rockincense;https://www.serebii.net/itemdex/sprites/rockincense.png;rock-incense;Rock Incense;An item to be held by a Pokťmon. This incense has a curious aroma that boosts the power of the holder's Rock-type moves.;competitive;;;;;;;;;;;;;self;;;;;rock;boost;;20;permanent;;;;;;
rockmemory;https://www.serebii.net/itemdex/sprites/rockmemory.png;rock-memory;Rock Memory;A memory disc that contains Rock-type data. It changes the type of the holder if held by a certain species of Pokťmon.;competitive;;;;;;;;;;;;;self;;silvally;;;rock;;;;permanent;;;;;;
rockiumz;https://www.serebii.net/itemdex/sprites/rockiumz.png;rockium-z;Rockium Z;It converts Z-Power into crystals that upgrade Rock-type moves to Rock-type Z-Moves.;competitive;;;;;;;;;;;;;self;;;;;;;;;permanent;;;;;;
rockyhelmet;https://www.serebii.net/itemdex/sprites/rockyhelmet.png;rocky-helmet;Rocky Helmet;An item to be held by a Pokťmon. This helmet damages any attacker that makes direct contact with the holder.;competitive;16,6;;;;;;;;;;;stage;enemy;physical contact attack;;;;;reduces;;;permanent;;;;;;
roomservice;https://www.serebii.net/itemdex/sprites/roomservice.png;room-service;Room Service;An item to be held by a Pokťmon. If Trick Room takes effect, this item will lower the holder's Speed stat.;competitive;;;;;;;;;;;;;self;;;;;;;;;permanent;;;;;;
roseincense;https://www.serebii.net/itemdex/sprites/roseincense.png;rose-incense;Rose Incense;An item to be held by a Pokťmon. This incense has a curious aroma that boosts the power of the holder's Grass-type moves.;competitive;;;;;;;;;;;;;self;;;;;grass;boost;;20;permanent;;;;;;
rustedshield;https://www.serebii.net/itemdex/sprites/rustedshield.png;rusted-shield;Rusted Shield;It is said that a hero used this shield to halt a terrible disaster in ancient times. But it's grown rusty and worn.;competitive;;;;;;;;;;;;;self;;zamazenta;;;;;;;permanent;;;;;;
rustedsword;https://www.serebii.net/itemdex/sprites/rustedsword.png;rusted-sword;Rusted Sword;It is said that a hero used this sword to halt a terrible disaster in ancient times. But it's grown rusty and worn.;competitive;;;;;;;;;;;;;self;;zacian;;;;;;;permanent;;;;;;
safetygoggles;https://www.serebii.net/itemdex/sprites/safetygoggles.png;safety-goggles;Safety Goggles;An item to be held by a Pokťmon. These goggles protect the holder from both sandstorm damage and the effects of powders and spores.;competitive;;;;;;;;;;;;;self;;;;;;;;;permanent;;;;;;
scopelens;https://www.serebii.net/itemdex/sprites/scopelens.png;scope-lens;Scope Lens;An item to be held by a Pokťmon. It's a lens for scoping out weak points. It boosts the holder's critical-hit ratio.;competitive;;;;;;;1;;;;;stage;self;;;;;;boost;;;permanent;;;;;;
seaincense;https://www.serebii.net/itemdex/sprites/seaincense.png;sea-incense;Sea Incense;An item to be held by a Pokťmon. This incense has a curious aroma that boosts the power of the holder's Water-type moves.;competitive;;;;;;;;;;;;;self;;;;;water;boost;;20;permanent;;;;;;
sharpbeak;https://www.serebii.net/itemdex/sprites/sharpbeak.png;sharp-beak;Sharp Beak;An item to be held by a Pokťmon. It's a long, sharp beak that boosts the power of the holder's Flying-type moves.;competitive;;;;;;;;;;;;;self;;;;;flying;boost;;20;permanent;;;;;;
shedshell;https://www.serebii.net/itemdex/sprites/shedshell.png;shed-shell;Shed Shell;An item to be held by a Pokťmon. Hard and sturdy, this discarded carapace enables the holder to switch out of battle without fail.;competitive;;;;;;;;;;;;;self;;;;;;;;;permanent;;;;;;
shellbell;https://www.serebii.net/itemdex/sprites/shellbell.png;shell-bell;Shell Bell;An item to be held by a Pokťmon. The holder restores a little HP to itself every time it inflicts damage with an attack.;competitive;;;;;;;;;;;;;self;;;;;;;;;permanent;;;;;;
shockdrive;https://www.serebii.net/itemdex/sprites/shockdrive.png;shock-drive;Shock Drive;A cassette to be held by Genesect. It changes Genesect's Techno Blast move so it becomes Electric type.;competitive;;;;;;;;;;;;;self;;genesect;;;electric;;;;permanent;;;;;;
silkscarf;https://www.serebii.net/itemdex/sprites/silkscarf.png;silk-scarf;Silk Scarf;An item to be held by a Pokťmon. It's a sumptuous scarf that boosts the power of the holder's Normal-type moves.;competitive;;;;;;;;;;;;;self;;;;;normal;boost;;20;permanent;;;;;;
silverpowder;https://www.serebii.net/itemdex/sprites/silverpowder.png;silver-powder;Silver Powder;An item to be held by a Pokťmon. It's a shiny silver powder that boosts the power of the holder's Bug-type moves.;competitive;;;;;;;;;;;;;self;;;;;bug;boost;;20;permanent;;;;;;
skyplate;https://www.serebii.net/itemdex/sprites/skyplate.png;sky-plate;Sky Plate;An item to be held by a Pokťmon. This stone tablet is imbued with the essence of flight and boosts the power of the holder's Flying-type moves.;competitive;;;;;;;;;;;;;self;;;;;flying;boost;;20;permanent;;;;;;
smoothrock;https://www.serebii.net/itemdex/sprites/smoothrock.png;smooth-rock;Smooth Rock;An item to be held by a Pokťmon. When the holder changes the weather to a sandstorm, the storm will persist for longer than usual.;competitive;;;;;;;;;;;;;self;sand;;;;;;;;permanent;;;;;;
snorliumz;https://www.serebii.net/itemdex/sprites/snorliumz.png;snorlium-z;Snorlium Z;It converts Z-Power into crystals that upgrade Snorlax's Giga Impact to a Z-Move.;competitive;;;;;;;;;;;;;self;;;;;;;;;permanent;;;;;;
snowball;https://www.serebii.net/itemdex/sprites/snowball.png;snowball;Snowball;An item to be held by a Pokťmon. This single-use ball of snow boosts the Attack stat if the holder is damaged by an Ice-type move.;competitive;;1;;;;;;;;;;stage;self;hit by ice move;;;;;boost;;;single;;;;;;
softsand;https://www.serebii.net/itemdex/sprites/softsand.png;soft-sand;Soft Sand;An item to be held by a Pokťmon. This loose, silky sand boosts the power of the holder's Ground-type moves.;competitive;;;;;;;;;;;;;self;;;;;ground;boost;;20;permanent;;;;;;
solganiumz;https://www.serebii.net/itemdex/sprites/solganiumz.png;solganium-z;Solganium Z;It converts Z-Power into crystals that upgrade Solgaleo's Sunsteel Strike to a Z-Move.;competitive;;;;;;;;;;;;;self;;;;;;;;;permanent;;;;;;
soothebell;https://www.serebii.net/itemdex/sprites/soothebell.png;soothe-bell;Soothe Bell;An item to be held by a Pokťmon. The comforting chime of this bell calms the holder, making it friendly.;miscellaneous;;;;;;;;;;;;;;;;;;;;;;;;;TRUE;increase happiness;;
souldew;https://www.serebii.net/itemdex/sprites/souldew.png;soul-dew;Soul Dew;A wondrous orb to be held by Latios or Latias. It boosts the power of their Psychic- and Dragon-type moves.;competitive;;;;;;;;;;;;;self;;"[latios;latias]";;;"[dragon;psychic]";boost;;20;permanent;;;;;;
spelltag;https://www.serebii.net/itemdex/sprites/spelltag.png;spell-tag;Spell Tag;An item to be held by a Pokťmon. It's a sinister, eerie tag that boosts the power of the holder's Ghost-type moves.;competitive;;;;;;;;;;;;;self;;;;;ghost;boost;;20;;;;;;;
splashplate;https://www.serebii.net/itemdex/sprites/splashplate.png;splash-plate;Splash Plate;An item to be held by a Pokťmon. This stone tablet is imbued with the essence of water and boosts the power of the holder's Water-type moves.;competitive;;;;;;;;;;;;;self;;;;;water;boost;;20;permanent;;;;;;
spookyplate;https://www.serebii.net/itemdex/sprites/spookyplate.png;spooky-plate;Spooky Plate;An item to be held by a Pokťmon. This stone tablet is imbued with the essence of ghosts and boosts the power of the holder's Ghost-type moves.;competitive;;;;;;;;;;;;;self;;;;;ghost;boost;;20;permanent;;;;;;
steelgem;https://www.serebii.net/itemdex/sprites/steelgem.png;steel-gem;Steel Gem;An item to be held by a Pokťmon. This gem is imbued with the essence of steel and will boost the power of a Steel-type moveóbut only once.;competitive;;;;;;;;;;;;;self;uses steel type move;;;;steel;boost;;30;single;;;;;;
steelmemory;https://www.serebii.net/itemdex/sprites/steelmemory.png;steel-memory;Steel Memory;A memory disc that contains Steel-type data. It changes the type of the holder if held by a certain species of Pokťmon.;competitive;;;;;;;;;;;;;self;;silvally;;;steel;;;;permanent;;;;;;
steeliumz;https://www.serebii.net/itemdex/sprites/steeliumz.png;steelium-z;Steelium Z;It converts Z-Power into crystals that upgrade Steel-type moves to Steel-type Z-Moves.;competitive;;;;;;;;;;;;;self;;;;;;;;;permanent;;;;;;
stickybarb;https://www.serebii.net/itemdex/sprites/stickybarb.png;sticky-barb;Sticky Barb;An item to be held by a Pokťmon. It damages the holder every turn and may latch on to Pokťmon that make direct contact with the holder.;competitive;;12,5;;;;;;;;;;stage;self;;;;;;reduces;;;permanent;;;;;;
stoneplate;https://www.serebii.net/itemdex/sprites/stoneplate.png;stone-plate;Stone Plate;An item to be held by a Pokťmon. This stone tablet is imbued with the essence of rock and boosts the power of the holder's Rock-type moves.;competitive;;;;;;;;;;;;;self;;;;;rock;boost;;20;permanent;;;;;;
tapuniumz;https://www.serebii.net/itemdex/sprites/tapuniumz.png;tapunium-z;Tapunium Z;It converts Z-Power into crystals that upgrade the tapu's Nature's Madness to a Z-Move.;competitive;;;;;;;;;;;;;self;;;;;;;;;permanent;;;;;;
terrainextender;https://www.serebii.net/itemdex/sprites/terrainextender.png;terrain-extender;Terrain Extender;An item to be held by a Pokťmon. It extends the duration of terrain caused by the holder's move or Ability.;competitive;;;;;;;;;;;;;self;;;;;;;;;permanent;;;;;;
thickclub;https://www.serebii.net/itemdex/sprites/thickclub.png;thick-club;Thick Club;An item to be held by Cubone or Marowak. This hard bone of unknown origin boosts their Attack stat.;competitive;;100;;;;;;;;;;raw;self;;"[cubone;marowak;10115]";;;;boost;;;permanent;;;;;;
throatspray;https://www.serebii.net/itemdex/sprites/throatspray.png;throat-spray;Throat Spray;An item to be held by a Pokťmon. If the holder uses a sound-based move, this throat spray will boost its Sp. Atk stat.;competitive;;;;1;;;;;;;;stage;self;use sound move;;;;;boost;;;single;;;;;;
toxicorb;https://www.serebii.net/itemdex/sprites/toxicorb.png;toxic-orb;Toxic Orb;An item to be held by a Pokťmon. It's a bizarre orb that exudes toxins when touched and will badly poison the holder during battle.;competitive;;;;;;;;;;;;;self;;;;;;;;;permanent;poi;inflicts;;;;
toxicplate;https://www.serebii.net/itemdex/sprites/toxicplate.png;toxic-plate;Toxic Plate;An item to be held by a Pokťmon. This stone tablet is imbued with the essence of poison and boosts the power of the holder's Poison-type moves.;competitive;;;;;;;;;;;;;self;;;;;poison;boost;;20;permanent;;;;;;
twistedspoon;https://www.serebii.net/itemdex/sprites/twistedspoon.png;twisted-spoon;Twisted Spoon;An item to be held by a Pokťmon. This spoon is imbued with telekinetic energy and boosts the power of the holder's Psychic-type moves.;competitive;;;;;;;;;;;;;self;;;;;psychic;boost;;20;permanent;;;;;;
ultranecroziumz;https://www.serebii.net/itemdex/sprites/ultranecroziumz.png;ultranecrozium-z;Ultranecrozium Z;It's a crystal that turns Necrozma fused with Solgaleo or Lunala into a new form.;competitive;;;;;;;;;;;;;self;;necrozma;;;;;;;permanent;;;;;;
utilityumbrella;https://www.serebii.net/itemdex/sprites/utilityumbrella.png;utility-umbrella;Utility Umbrella;An item to be held by a Pokťmon. This sturdy umbrella protects the holder from the effects of rain and harsh sunlight.;competitive;;;;;;;;;;;;;self;;;;;;;;;permanent;;;;;;
watergem;https://www.serebii.net/itemdex/sprites/watergem.png;water-gem;Water Gem;An item to be held by a Pokťmon. This gem is imbued with the essence of water and will boost the power of a Water-type moveóbut only once.;competitive;;;;;;;;;;;;;self;uses water type move;;;;water;boost;;30;single;;;;;;
watermemory;https://www.serebii.net/itemdex/sprites/watermemory.png;water-memory;Water Memory;A memory disc that contains Water-type data. It changes the type of the holder if held by a certain species of Pokťmon.;competitive;;;;;;;;;;;;;self;;silvally;;;water;;;;permanent;;;;;;
wateriumz;https://www.serebii.net/itemdex/sprites/wateriumz.png;waterium-z;Waterium Z;It converts Z-Power into crystals that upgrade Water-type moves to Water-type Z-Moves.;competitive;;;;;;;;;;;;;self;;;;;;;;;permanent;;;;;;
waveincense;https://www.serebii.net/itemdex/sprites/waveincense.png;wave-incense;Wave Incense;An item to be held by a Pokťmon. This incense has a curious aroma that boosts the power of the holder's Water-type moves.;competitive;;;;;;;;;;;;;self;;;;;water;boost;;20;permanent;;;;;;
weaknesspolicy;https://www.serebii.net/itemdex/sprites/weaknesspolicy.png;weakness-policy;Weakness Policy;An item to be held by a Pokťmon. This policy boosts the holder's Attack and Sp. Atk. stats for a while if the holder is hit with a move it's weak to.;competitive;;2;;2;;;;;;;;stage;self;hit by supereffective;;;;;boost;;;single;;;;;;
wellspringmask;https://www.serebii.net/itemdex/sprites/wellspringmask.png;wellspring-mask;Wellspring Mask;An item to be held by Ogerpon. This carved wooden mask is adorned with crystals and allows Ogerpon to wield the Water type during battle.;competitive;;;;;;;;;;;;;self;;ogerpon;;;;;;;permanent;;;;;;
whiteherb;https://www.serebii.net/itemdex/sprites/whiteherb.png;white-herb;White Herb;An item to be held by a Pokťmon. It will restore any lowered stat in battleóbut only once.;competitive;;;;;;;;;;;;;self;;;;;;;;;single;;;;;;
widelens;https://www.serebii.net/itemdex/sprites/widelens.png;wide-lens;Wide Lens;An item to be held by a Pokťmon. It's a magnifying lens that slightly boosts the accuracy of the holder's moves.;competitive;;;;;;;;;;;;;self;;;;;;boost;10;;permanent;;;;;;
wiseglasses;https://www.serebii.net/itemdex/sprites/wiseglasses.png;wise-glasses;Wise Glasses;An item to be held by a Pokťmon. This thick pair of glasses slightly boosts the power of the holder's special moves.;competitive;;;;;;;;;;;;;self;special attacks;;;;;;;10;permanent;;;;;;
zapplate;https://www.serebii.net/itemdex/sprites/zapplate.png;zap-plate;Zap Plate;An item to be held by a Pokťmon. This stone tablet is imbued with the essence of electricity and boosts the power of the holder's Electric-type moves.;competitive;;;;;;;;;;;;;self;;;;;electric;boost;;20;permanent;;;;;;
zoomlens;https://www.serebii.net/itemdex/sprites/zoomlens.png;zoom-lens;Zoom Lens;An item to be held by a Pokťmon. When the holder acts after its target, its move will be more accurate than usual.;competitive;;;;;;;;;;;;;self;objetive already moved;;;;;boost;20;;permanent;;;;;;
auspiciousarmor;https://www.serebii.net/itemdex/sprites/auspiciousarmor.png;auspicious-armor;Auspicious Armor;A peculiar set of armor that can make a certain species of Pok√©mon evolve. Auspicious wishes live within it.;evolution;;;;;;;;;;;;;;use;charcadet;armarouge;;;;;;;;;;;;
berrysweet;https://www.serebii.net/itemdex/sprites/berrysweet.png;berry-sweet;Berry Sweet;A berry-shaped sweet. When a Milcery holds this, it spins around happily.;evolution;;;;;;;;;;;;;;hold+spin;milcery;alcremie;;;;;;;;;;;;
blackaugurite;https://www.serebii.net/itemdex/sprites/blackaugurite.png;black-augurite;Black Augurite;A glassy black stone that produces a sharp cutting edge when split. It's loved by a certain Pokťmon.;evolution;;;;;;;;;;;;;;use;scyther;kleavor;;;;;;;;;;;;
chippedpot;https://www.serebii.net/itemdex/sprites/chippedpot.png;chipped-pot;Chipped Pot;A peculiar teapot that can make a certain species of Pokťmon evolve. It may be chipped, but tea poured from it is delicious.;evolution;;;;;;;;;;;;;;use;sinistea;polteageist;;;;;;;;;;;;
cloversweet;https://www.serebii.net/itemdex/sprites/cloversweet.png;clover-sweet;Clover Sweet;A clover-shaped sweet. When a Milcery holds this, it spins around happily.;evolution;;;;;;;;;;;;;;use;milcery;alcremie;;;;;;;;;;;;
crackedpot;https://www.serebii.net/itemdex/sprites/crackedpot.png;cracked-pot;Cracked Pot;A peculiar teapot that can make a certain species of Pokťmon evolve. It may be cracked, but tea poured from it is delicious.;evolution;;;;;;;;;;;;;;use;sinistea;polteageist;;;;;;;;;;;;
dawnstone;https://www.serebii.net/itemdex/sprites/dawnstone.png;dawn-stone;Dawn Stone;A peculiar stone that can make certain species of Pokťmon evolve. It sparkles like a glittering eye.;evolution;;;;;;;;;;;;;;"[use+male;use+female]";"[kirlia;snorunt]";"[gallade;froslass]";;;;;;;;;;;;
deepseascale;https://www.serebii.net/itemdex/sprites/deepseascale.png;deep-sea-scale;Deep Sea Scale;An item to be held by Clamperl. This scale shines with a faint pink and boosts Clamperl's Sp. Def stat.;competitive;;;;;100;;;;;;;raw;self;;clamperl;;;;boost;;;permanent;;;;;;
deepseatooth;https://www.serebii.net/itemdex/sprites/deepseatooth.png;deep-sea-tooth;Deep Sea Tooth;An item to be held by Clamperl. This fang gleams a sharp silver and boosts Clamperl's Sp. Atk stat.;competitive;;;;100;;;;;;;;raw;self;;clamperl;;;;boost;;;permanent;;;;;;
dragonscale;https://www.serebii.net/itemdex/sprites/dragonscale.png;dragon-scale;Dragon Scale;A very tough and inflexible scale. Dragon-type Pokťmon may be holding this item when caught.;evolution;;;;;;;;;;;;;;hold+trade;seadra;kingdra;;;;;;;;;;;;
dubiousdisc;https://www.serebii.net/itemdex/sprites/dubiousdisc.png;dubious-disc;Dubious Disc;A transparent device overflowing with dubious data. It's loved by a certain Pokťmon.;evolution;;;;;;;;;;;;;;hold+trade;porygon2;porygon-z;;;;;;;;;;;;
duskstone;https://www.serebii.net/itemdex/sprites/duskstone.png;dusk-stone;Dusk Stone;A peculiar stone that can make certain species of Pokťmon evolve. It holds dark shadows within it.;evolution;;;;;;;;;;;;;;use;"[murkrow;misdreavus;lampent;doublade]";"[honchkrow;mismagius;chandelure;aegislash]";;;;;;;;;;;;
electirizer;https://www.serebii.net/itemdex/sprites/electirizer.png;electirizer;Electirizer;A box packed with a tremendous amount of electric energy. It's loved by a certain Pokťmon.;evolution;;;;;;;;;;;;;;hold+trade;electabuzz;electivire;;;;;;;;;;;;
firestone;https://www.serebii.net/itemdex/sprites/firestone.png;fire-stone;Fire Stone;A peculiar stone that can make certain species of Pokťmon evolve. It has a fiery orange heart.;evolution;;;;;;;;;;;;;;use;"[vulpix;growlithe;10229;eevee;pansear;capsakid]";"[ninetales;arcanine;10230;flareon;simisear;scovillain]";;;;;;;;;;;;
flowersweet;https://www.serebii.net/itemdex/sprites/flowersweet.png;flower-sweet;Flower Sweet;A flower-shaped sweet. When a Milcery holds this, it spins around happily.;evolution;;;;;;;;;;;;;;hold+spin;milcery;alcremie;;;;;;;;;;;;
galaricacuff;https://www.serebii.net/itemdex/sprites/galaricacuff.png;galarica-cuff;Galarica Cuff;A cuff made from woven-together Galarica Twigs. Giving it to a Galarian Slowpoke makes the Pokťmon very happy.;evolution;;;;;;;;;;;;;;use;10164;10165;;;;;;;;;;;;
galaricawreath;https://www.serebii.net/itemdex/sprites/galaricawreath.png;galarica-wreath;Galarica Wreath;A wreath made from woven-together Galarica Twigs. Placing it on the head of a Galarian Slowpoke makes the Pokťmon very happy.;evolution;;;;;;;;;;;;;;use;10164;10172;;;;;;;;;;;;
icestone;https://www.serebii.net/itemdex/sprites/icestone.png;ice-stone;Ice Stone;A peculiar stone that can make certain species of Pokťmon evolve. It has a snowflake pattern in it.;evolution;;;;;;;;;;;;;;use;"[10101;10103;eevee;10176;crabrawler;cetoddle]";"[10102;10104;glaceon;10177;crabominable;cetitan]";;;;;;;;;;;;
king'srock;https://www.serebii.net/itemdex/sprites/king'srock.png;king's-rock;King's Rock;An item to be held by a Pokťmon. It may cause the target to flinch whenever the holder successfully inflicts damage on them with an attack.;competitive;;;;;;;;;;;;;enemy;;;;;;;;;permanent;;;;;;
leader'screst;https://www.serebii.net/itemdex/sprites/leader'screst.png;leader's-crest;Leader's Crest;A shard of what appears to be an old blade of some sort. It is held only by Bisharp that head up a group of Pawniard.;evolution;;;;;;;;;;;;;;defeat;bisharp;kingambit;;;;;;;;;;;;
leafstone;https://www.serebii.net/itemdex/sprites/leafstone.png;leaf-stone;Leaf Stone;A peculiar stone that can make certain species of Pokťmon evolve. It has an unmistakable leaf pattern.;evolution;;;;;;;;;;;;;;use;"[gloom;weepinbell;10231;exeggcute;eevee;nuzleaf;pansage]";"[vileplume;victreebel;10232;exeggutor;leafeon;shiftry;simisage]";;;;;;;;;;;;
lovesweet;https://www.serebii.net/itemdex/sprites/lovesweet.png;love-sweet;Love Sweet;A heart-shaped sweet. When a Milcery holds this, it spins around happily.;evolution;;;;;;;;;;;;;;hold+spin;milcery;alcremie;;;;;;;;;;;;
magmarizer;https://www.serebii.net/itemdex/sprites/magmarizer.png;magmarizer;Magmarizer;A box packed with a tremendous amount of magma energy. It's loved by a certain Pokťmon.;evolution;;;;;;;;;;;;;;hold+trade;magmar;magmortar;;;;;;;;;;;;
maliciousarmor;https://www.serebii.net/itemdex/sprites/maliciousarmor.png;malicious-armor;Malicious Armor;A peculiar set of armor that can make a certain species of Pokťmon evolve. Malicious will lurks within it.;evolution;;;;;;;;;;;;;;use;charcadet;ceruledge;;;;;;;;;;;;
masterpieceteacup;https://www.serebii.net/itemdex/sprites/masterpieceteacup.png;masterpiece-teacup;Masterpiece Teacup;A peculiar teacup that can make a certain species of Pokťmon evolve. It may be chipped, but tea drunk from it is delicious.;evolution;;;;;;;;;;;;;;use;poltchageist;sinistcha;;;;;;;;;;;;
metalalloy;https://www.serebii.net/itemdex/sprites/metalalloy.png;metal-alloy;Metal Alloy;A peculiar metal that can make certain species of Pokťmon evolve. It is composed of many layers.;evolution;;;;;;;;;;;;;;use;duraludon;archaludon;;;;;;;;;;;;
metalcoat;https://www.serebii.net/itemdex/sprites/metalcoat.png;metal-coat;Metal Coat;An item to be held by a Pokťmon. It's a special metallic coating that boosts the power of the holder's Steel-type moves.;competitive;;;;;;;;;;;;;self;;;;;steel;;;20;permanent;;;;;;
moonstone;https://www.serebii.net/itemdex/sprites/moonstone.png;moon-stone;Moon Stone;A peculiar stone that can make certain species of Pokťmon evolve. It is dark like the night sky.;evolution;;;;;;;;;;;;;;use;"[nidorina;nidorino;clefairy;jigglypuff;skitty;munna]";"[nidoqueen;nidoking;clefable;wigglytuff;delcatty;musharna]";;;;;;;;;;;;
ovalstone;https://www.serebii.net/itemdex/sprites/ovalstone.png;oval-stone;Oval Stone;A peculiar stone that can make a certain species of Pokťmon evolve. It is round and smooth.;evolution;;;;;;;;;;;;;;hold+day+level;happiny;chansey;;;;;;;;;;;;
peatblock;https://www.serebii.net/itemdex/sprites/peatblock.png;peat-block;Peat Block;A block of muddy material that can be used as fuel for burning when it is dried. It's loved by a certain Pokťmon.;evolution;;;;;;;;;;;;;;use+night;ursaring;ursaluna;;;;;;;;;;;;
prismscale;https://www.serebii.net/itemdex/sprites/prismscale.png;prism-scale;Prism Scale;A mysterious scale that causes a certain Pokťmon to evolve. It shines with a beautiful iridescence.;evolution;;;;;;;;;;;;;;hold+trade;feebas;milotic;;;;;;;;;;;;
protector;https://www.serebii.net/itemdex/sprites/protector.png;protector;Protector;A protective item of some sort. It is extremely stiff and heavy. It's loved by a certain Pokťmon.;evolution;;;;;;;;;;;;;;hold+trade;rhydon;rhyperior;;;;;;;;;;;;
razorclaw;https://www.serebii.net/itemdex/sprites/razorclaw.png;razor-claw;Razor Claw;An item to be held by a Pokťmon. This sharply hooked claw boosts the critical-hit ratio of the holder's moves.;competitive;;;;;;;1;;;;;stage;self;;;;;;boost;;;permanent;;;;;;
razorfang;https://www.serebii.net/itemdex/sprites/razorfang.png;razor-fang;Razor Fang;An item to be held by a Pokťmon. This sharply hooked fang may cause the target to flinch whenever the holder successfully inflicts damage on them with an attack.;competitive;;;;;;;;;;;;;enemy;;;;;;;;;permanent;;;;;;
ribbonsweet;https://www.serebii.net/itemdex/sprites/ribbonsweet.png;ribbon-sweet;Ribbon Sweet;A ribbon-shaped sweet. When a Milcery holds this, it spins around happily.;evolution;;;;;;;;;;;;;;hold+spin;milcery;alcremie;;;;;;;;;;;;
sachet;https://www.serebii.net/itemdex/sprites/sachet.png;sachet;Sachet;A sachet filled with fragrant perfumes that are just slightly overwhelming. Yet it's loved by a certain Pokťmon.;evolution;;;;;;;;;;;;;;hold+trade;spritzee;aromatisse;;;;;;;;;;;;
scrollofdarkness;https://www.serebii.net/itemdex/sprites/scrollofdarkness.png;scroll-of-darkness;Scroll of Darkness;A peculiar scroll that can make a certain species of Pokťmon evolve. Written upon it are the true secrets of the path of darkness.;evolution;;;;;;;;;;;;;;use;kubfu;892;;;;;;;;;;;;
scrollofwaters;https://www.serebii.net/itemdex/sprites/scrollofwaters.png;scroll-of-waters;Scroll of Waters;A peculiar scroll that can make a certain species of Pokťmon evolve. Written upon it are the true secrets of the path of water.;evolution;;;;;;;;;;;;;;use;kubfu;10191;;;;;;;;;;;;
shinystone;https://www.serebii.net/itemdex/sprites/shinystone.png;shiny-stone;Shiny Stone;A peculiar stone that can make certain species of Pokťmon evolve. It shines with a dazzling light.;evolution;;;;;;;;;;;;;;use;"[togetic;roselia;minccino;floette]";"[togekiss;roserade;cinccino;florges]";;;;;;;;;;;;
starsweet;https://www.serebii.net/itemdex/sprites/starsweet.png;star-sweet;Star Sweet;A star-shaped sweet. When a Milcery holds this, it spins around happily.;evolution;;;;;;;;;;;;;;hold+spin;milcery;alcremie;;;;;;;;;;;;
strawberrysweet;https://www.serebii.net/itemdex/sprites/strawberrysweet.png;strawberry-sweet;Strawberry Sweet;A strawberry-shaped sweet. When a Milcery holds this, it spins around happily.;evolution;;;;;;;;;;;;;;hold+spin;milcery;alcremie;;;;;;;;;;;;
sunstone;https://www.serebii.net/itemdex/sprites/sunstone.png;sun-stone;Sun Stone;A peculiar stone that can make certain species of Pokťmon evolve. It burns as red as the evening sun.;evolution;;;;;;;;;;;;;;use;"[gloom;sunkern;cottonee;petilil;helioptile]";"[bellossom;sunflora;whimsicott;lilligant;heliolisk]";;;;;;;;;;;;
sweetapple;https://www.serebii.net/itemdex/sprites/sweetapple.png;sweet-apple;Sweet Apple;A peculiar apple that can make a certain species of Pokťmon evolve. It's exceptionally sweet.;evolution;;;;;;;;;;;;;;use;applin;appletun;;;;;;;;;;;;
syrupyapple;https://www.serebii.net/itemdex/sprites/syrupyapple.png;syrupy-apple;Syrupy Apple;A peculiar apple that can make a certain species of Pokťmon evolve. It's exceptionally syrupy.;evolution;;;;;;;;;;;;;;use;applin;dipplin;;;;;;;;;;;;
tartapple;https://www.serebii.net/itemdex/sprites/tartapple.png;tart-apple;Tart Apple;A peculiar apple that can make a certain species of Pokťmon evolve. It's exceptionally tart.;evolution;;;;;;;;;;;;;;use;applin;flapple;;;;;;;;;;;;
thunderstone;https://www.serebii.net/itemdex/sprites/thunderstone.png;thunder-stone;Thunder Stone;A peculiar stone that can make certain species of Pokťmon evolve. It has a distinct thunderbolt pattern.;evolution;;;;;;;;;;;;;;use;"[pikachu;magneton;eevee;nosepass;eelektrik;charjabug;tadbulb]";"[raichu;magnezone;jolteon;probopass;eelektross;vikavolt;bellibolt]";;;;;;;;;;;;
unremarkableteacup;https://www.serebii.net/itemdex/sprites/unremarkableteacup.png;unremarkable-teacup;Unremarkable Teacup;A peculiar teacup that can make a certain species of Pokťmon evolve. It may be cracked, but tea drunk from it is delicious.;evolution;;;;;;;;;;;;;;use;poltchageist;sinistcha;;;;;;;;;;;;
upgrade;https://www.serebii.net/itemdex/sprites/upgrade.png;upgrade;Upgrade;A transparent device somehow filled with all sorts of data. It's loved by a certain Pokťmon.;evolution;;;;;;;;;;;;;;use;porygon;porygon2;;;;;;;;;;;;
waterstone;https://www.serebii.net/itemdex/sprites/waterstone.png;water-stone;Water Stone;A peculiar stone that can make certain species of Pokťmon evolve. It is the clear blue of a deep pool.;evolution;;;;;;;;;;;;;;use;"[poliwhirl;shellder;staryu;eevee;lombre;panpour]";"[poliwrath;cloyster;starmie;vaporeon;ludicolo;simipour]";;;;;;;;;;;;
whippeddream;https://www.serebii.net/itemdex/sprites/whippeddream.png;whipped-dream;Whipped Dream;A soft and sweet treat made of fluffy, puffy, whipped, and whirled cream. It's loved by a certain Pokťmon.;evolution;;;;;;;;;;;;;;hold+trade;swirlix;slurpuff;;;;;;;;;;;;
aguavberry;https://www.serebii.net/itemdex/sprites/aguavberry.png;aguav-berry;Aguav Berry;If a Pokťmon holds one of these Berries, it will be able to restore some HP should it find itself in a pinch. But it will become confused if it hates the Berry's taste.;berry;33;;;;;;;;;;;stage;self;health below 50%;;;;;boost;;;single;conf;inflicts;;;;
apicotberry;https://www.serebii.net/itemdex/sprites/apicotberry.png;apicot-berry;Apicot Berry;If a Pokťmon holds one of these Berries, its Sp. Def stat will be boosted should it find itself in a pinch.;berry;;;;;1;;;;;;;stage;self;health below 33%;;;;;boost;;;single;;;;;;
aspearberry;https://www.serebii.net/itemdex/sprites/aspearberry.png;aspear-berry;Aspear Berry;If a Pokťmon holds one of these Berries, it will be able to thaw itself after being frozen.;berry;;;;;;;;;;;;;self;gets frozen;;;;;;;;single;freeze;cure;;;;
babiriberry;https://www.serebii.net/itemdex/sprites/babiriberry.png;babiri-berry;Babiri Berry;If a Pokťmon holding this Berry is hit with a supereffective Steel-type move, the power of that move will be weakened.;berry;;;;;;;;;;;;;enemy;hit by supereffective steel move;;;;steel;reduces;;50;single;;;;;;
chartiberry;https://www.serebii.net/itemdex/sprites/chartiberry.png;charti-berry;Charti Berry;If a Pokťmon holding this Berry is hit with a supereffective Rock-type move, the power of that move will be weakened.;berry;;;;;;;;;;;;;enemy;hit by supereffective rock move;;;;rock;reduces;;50;single;;;;;;
cheriberry;https://www.serebii.net/itemdex/sprites/cheriberry.png;cheri-berry;Cheri Berry;If a Pokťmon holds one of these Berries, it will be able to free itself from paralysis.;berry;;;;;;;;;;;;;self;gets paralyzed;;;;;;;;single;par;cure;;;;
chestoberry;https://www.serebii.net/itemdex/sprites/chestoberry.png;chesto-berry;Chesto Berry;If a Pokťmon holds one of these Berries, it will be able to shake off its drowsiness.;berry;;;;;;;;;;;;;self;gets sleep;;;;;;;;single;sleep;cure;;;;
chilanberry;https://www.serebii.net/itemdex/sprites/chilanberry.png;chilan-berry;Chilan Berry;If a Pokťmon holding this Berry is hit with a Normal-type move, the power of that move will be weakened.;berry;;;;;;;;;;;;;enemy;hit by a normal move;;;;normal;reduces;;50;single;;;;;;
chopleberry;https://www.serebii.net/itemdex/sprites/chopleberry.png;chople-berry;Chople Berry;If a Pokťmon holding this Berry is hit with a supereffective Fighting-type move, the power of that move will be weakened.;berry;;;;;;;;;;;;;enemy;hit by supereffective fight move;;;;fight;reduces;;50;single;;;;;;
cobaberry;https://www.serebii.net/itemdex/sprites/cobaberry.png;coba-berry;Coba Berry;If a Pokťmon holding this Berry is hit with a supereffective Flying-type move, the power of that move will be weakened.;berry;;;;;;;;;;;;;enemy;hit by supereffective flying move;;;;flying;reduces;;50;single;;;;;;
colburberry;https://www.serebii.net/itemdex/sprites/colburberry.png;colbur-berry;Colbur Berry;If a Pokťmon holding this Berry is hit with a supereffective Dark-type move, the power of that move will be weakened.;berry;;;;;;;;;;;;;enemy;hit by supereffective dark move;;;;dark;reduces;;50;single;;;;;;
custapberry;https://www.serebii.net/itemdex/sprites/custapberry.png;custap-berry;Custap Berry;If a Pokťmon holds one of these Berries, it will be able to act faster should it find itself in a pinchóbut only for the next move it uses.;berry;;;;;;;;;;1;;raw;self;health below 25%;;;;;boost;;;single;;;;;;
enigmaberry;https://www.serebii.net/itemdex/sprites/enigmaberry.png;enigma-berry;Enigma Berry;If a Pokťmon holds one of these Berries, it will be able to regain some HP if it is hit with a supereffective move.;berry;25;;;;;;;;;;;stage;self;hit by supereffective move;;;;;boost;;;single;;;;;;
figyberry;https://www.serebii.net/itemdex/sprites/figyberry.png;figy-berry;Figy Berry;If a Pokťmon holds one of these Berries, it will be able to restore some HP should it find itself in a pinch. But it will become confused if it hates the Berry's taste.;berry;33;;;;;;;;;;;stage;self;health below 50%;;;;;boost;;;single;conf;inflicts;;;;
ganlonberry;https://www.serebii.net/itemdex/sprites/ganlonberry.png;ganlon-berry;Ganlon Berry;If a Pokťmon holds one of these Berries, its Defense stat will be boosted should it find itself in a pinch.;berry;;;1;;;;;;;;;stage;self;health below 33%;;;;;boost;;;single;;;;;;
grepaberry;https://www.serebii.net/itemdex/sprites/grepaberry.png;grepa-berry;Grepa Berry;If a Pokťmon is fed this Berry, it will grow more friendly, but it will lose base points for its Sp. Def stat.;berry;;;;;;;;;;;;;;;;;;;;;;;;;TRUE;reduces spd evs;;
habanberry;https://www.serebii.net/itemdex/sprites/habanberry.png;haban-berry;Haban Berry;If a Pokťmon holding this Berry is hit with a supereffective Dragon-type move, the power of that move will be weakened.;berry;;;;;;;;;;;;;enemy;hit by supereffective dragon move;;;;dragon;reduces;;50;single;;;;;;
hondewberry;https://www.serebii.net/itemdex/sprites/hondewberry.png;hondew-berry;Hondew Berry;If a Pokťmon is fed this Berry, it will grow more friendly, but it will lose base points for its Sp. Atk stat.;berry;;;;;;;;;;;;;;;;;;;;;;;;;TRUE;reduces spa evs;;
iapapaberry;https://www.serebii.net/itemdex/sprites/iapapaberry.png;iapapa-berry;Iapapa Berry;If a Pokťmon holds one of these Berries, it will be able to restore some HP should it find itself in a pinch. But it will become confused if it hates the Berry's taste.;berry;33;;;;;;;;;;;stage;self;health below 50%;;;;;boost;;;single;conf;inflicts;;;;
jabocaberry;https://www.serebii.net/itemdex/sprites/jabocaberry.png;jaboca-berry;Jaboca Berry;If a Pokťmon holding this Berry is hit with a physical move, the attacker will also take damage.;berry;12,5;;;;;;;;;;;stage;enemy;hit by physical move;;;;;reduces;;;single;;;;;;
kasibberry;https://www.serebii.net/itemdex/sprites/kasibberry.png;kasib-berry;Kasib Berry;If a Pokťmon holding this Berry is hit with a supereffective Ghost-type move, the power of that move will be weakened.;berry;;;;;;;;;;;;;enemy;hit by supereffective ghost move;;;;ghost;reduces;;50;single;;;;;;
kebiaberry;https://www.serebii.net/itemdex/sprites/kebiaberry.png;kebia-berry;Kebia Berry;If a Pokťmon holding this Berry is hit with a supereffective Poison-type move, the power of that move will be weakened.;berry;;;;;;;;;;;;;enemy;hit by supereffective poison move;;;;poison;reduces;;50;single;;;;;;
keeberry;https://www.serebii.net/itemdex/sprites/keeberry.png;kee-berry;Kee Berry;If a Pokťmon holding this Berry is hit with a physical move, the holder's Defense stat will be boosted.;berry;;;1;;;;;;;;;stage;self;hit by physical move;;;;;boost;;;single;;;;;;
kelpsyberry;https://www.serebii.net/itemdex/sprites/kelpsyberry.png;kelpsy-berry;Kelpsy Berry;If a Pokťmon is fed this Berry, it will grow more friendly, but it will lose base points for its Attack stat.;berry;;;;;;;;;;;;;;;;;;;;;;;;;TRUE;reduces atk evs;;
lansatberry;https://www.serebii.net/itemdex/sprites/lansatberry.png;lansat-berry;Lansat Berry;If a Pokťmon holds one of these Berries, its critical-hit ratio will be boosted should it find itself in a pinch.;berry;;;;;;;2;;;;;stage;self;health below 25%;;;;;boost;;;single;;;;;;
leppaberry;https://www.serebii.net/itemdex/sprites/leppaberry.png;leppa-berry;Leppa Berry;If a Pokťmon holds one of these Berries, it will be able to restore 10 PP to a move.;berry;;;;;;;;;;;10;raw;self;pp of move to 0;;;;;boost;;;single;;;;;;
liechiberry;https://www.serebii.net/itemdex/sprites/liechiberry.png;liechi-berry;Liechi Berry;If a Pokťmon holds one of these Berries, its Attack stat will be boosted should it find itself in a pinch.;berry;;1;;;;;;;;;;stage;self;health below 33%;;;;;boost;;;single;;;;;;
lumberry;https://www.serebii.net/itemdex/sprites/lumberry.png;lum-berry;Lum Berry;If a Pokťmon holds one of these Berries, it will be able to cure itself of any status condition it may have.;berry;;;;;;;;;;;;;self;gets any status;;;;;;;;single;any;cure;;;;
magoberry;https://www.serebii.net/itemdex/sprites/magoberry.png;mago-berry;Mago Berry;If a Pokťmon holds one of these Berries, it will be able to restore some HP should it find itself in a pinch. But it will become confused if it hates the Berry's taste.;berry;33;;;;;;;;;;;stage;self;health below 50%;;;;;boost;;;single;conf;inflicts;;;;
marangaberry;https://www.serebii.net/itemdex/sprites/marangaberry.png;maranga-berry;Maranga Berry;If a Pokťmon holding this Berry is hit with a special move, the holder's Sp. Def stat will be boosted.;berry;;;;;1;;;;;;;stage;self;hit by physical move;;;;;boost;;;single;;;;;;
micleberry;https://www.serebii.net/itemdex/sprites/micleberry.png;micle-berry;Micle Berry;If a Pokťmon holds one of these Berries, its accuracy will be boosted should it find itself in a pinchóbut only for the next move it uses.;berry;;;;;;;;20;;;;raw;self;health below 25%;;;;;boost;;;single;;;;;;
occaberry;https://www.serebii.net/itemdex/sprites/occaberry.png;occa-berry;Occa Berry;If a Pokťmon holding this Berry is hit with a supereffective Fire-type move, the power of that move will be weakened.;berry;;;;;;;;;;;;;enemy;hit by supereffective fire move;;;;fire;reduces;;50;single;;;;;;
oranberry;https://www.serebii.net/itemdex/sprites/oranberry.png;oran-berry;Oran Berry;If a Pokťmon holds one of these Berries, it will be able to restore 10 HP to itself.;berry;10;;;;;;;;;;;raw;self;health below 50%;;;;;boost;;;single;;;;;;
passhoberry;https://www.serebii.net/itemdex/sprites/passhoberry.png;passho-berry;Passho Berry;If a Pokťmon holding this Berry is hit with a supereffective Water-type move, the power of that move will be weakened.;berry;;;;;;;;;;;;;enemy;hit by supereffective water move;;;;water;reduces;;50;single;;;;;;
payapaberry;https://www.serebii.net/itemdex/sprites/payapaberry.png;payapa-berry;Payapa Berry;If a Pokťmon holding this Berry is hit with a supereffective Psychic-type move, the power of that move will be weakened.;berry;;;;;;;;;;;;;enemy;hit by supereffective psychic move;;;;psychic;reduces;;50;single;;;;;;
pechaberry;https://www.serebii.net/itemdex/sprites/pechaberry.png;pecha-berry;Pecha Berry;If a Pokťmon holds one of these Berries, it will be able to lift the effects of being poisoned from itself.;berry;;;;;;;;;;;;;self;gets poisoned;;;;;;;;single;poi;cure;;;;
persimberry;https://www.serebii.net/itemdex/sprites/persimberry.png;persim-berry;Persim Berry;If a Pokťmon holds one of these Berries, it will be able to cure itself of confusion.;berry;;;;;;;;;;;;;self;gets confused;;;;;;;;single;conf;cure;;;;
petayaberry;https://www.serebii.net/itemdex/sprites/petayaberry.png;petaya-berry;Petaya Berry;If a Pokťmon holds one of these Berries, its Sp. Atk stat will be boosted should it find itself in a pinch.;berry;;;;1;;;;;;;;stage;self;health below 33%;;;;;boost;;;single;;;;;;
pomegberry;https://www.serebii.net/itemdex/sprites/pomegberry.png;pomeg-berry;Pomeg Berry;If a Pokťmon is fed this Berry, it will grow more friendly, but it will lose base points for its HP stat.;berry;;;;;;;;;;;;;;;;;;;;;;;;;TRUE;reduces hp evs;;
qualotberry;https://www.serebii.net/itemdex/sprites/qualotberry.png;qualot-berry;Qualot Berry;If a Pokťmon is fed this Berry, it will grow more friendly, but it will lose base points for its Defense stat.;berry;;;;;;;;;;;;;;;;;;;;;;;;;TRUE;reduces def evs;;
rawstberry;https://www.serebii.net/itemdex/sprites/rawstberry.png;rawst-berry;Rawst Berry;If a Pokťmon holds one of these Berries, it will be able to cure itself of a burn.;berry;;;;;;;;;;;;;self;gets burned;;;;;;;;single;burn;cure;;;;
rindoberry;https://www.serebii.net/itemdex/sprites/rindoberry.png;rindo-berry;Rindo Berry;If a Pokťmon holding this Berry is hit with a supereffective Grass-type move, the power of that move will be weakened.;berry;;;;;;;;;;;;;enemy;hit by supereffective grass move;;;;grass;reduces;;50;single;;;;;;
roseliberry;https://www.serebii.net/itemdex/sprites/roseliberry.png;roseli-berry;Roseli Berry;If a Pokťmon holding this Berry is hit with a supereffective Fairy-type move, the power of that move will be weakened.;berry;;;;;;;;;;;;;enemy;hit by supereffective fairy move;;;;fairy;reduces;;50;single;;;;;;
rowapberry;https://www.serebii.net/itemdex/sprites/rowapberry.png;rowap-berry;Rowap Berry;If a Pokťmon holding this Berry is hit with a special move, the attacker will also take damage.;berry;12,5;;;;;;;;;;;stage;enemy;hit by special move;;;;;reduces;;;single;;;;;;
salacberry;https://www.serebii.net/itemdex/sprites/salacberry.png;salac-berry;Salac Berry;If a Pokťmon holds one of these Berries, its Speed stat will be boosted should it find itself in a pinch.;berry;;;;;;1;;;;;;stage;self;health below 25%;;;;;boost;;;single;;;;;;
shucaberry;https://www.serebii.net/itemdex/sprites/shucaberry.png;shuca-berry;Shuca Berry;If a Pokťmon holding this Berry is hit with a supereffective Ground-type move, the power of that move will be weakened.;berry;;;;;;;;;;;;;enemy;hit by supereffective ground move;;;;ground;reduces;;50;single;;;;;;
sitrusberry;https://www.serebii.net/itemdex/sprites/sitrusberry.png;sitrus-berry;Sitrus Berry;If a Pokťmon holds one of these Berries, it will be able to restore a small amount of HP to itself.;berry;25;;;;;;;;;;;stage;self;health below 50%;;;;;boost;;;single;;;;;;
starfberry;https://www.serebii.net/itemdex/sprites/starfberry.png;starf-berry;Starf Berry;If a Pokťmon holds one of these Berries, one of its stats will be sharply boosted should it find itself in a pinch.;berry;;2;2;2;2;2;;;;;;stage;self;helth below 25% - only one stat boosted;;;;;boost;;;single;;;;;;
tamatoberry;https://www.serebii.net/itemdex/sprites/tamatoberry.png;tamato-berry;Tamato Berry;If a Pokťmon is fed this Berry, it will grow more friendly, but it will lose base points for its Speed stat.;berry;;;;;;;;;;;;;;;;;;;;;;;;;TRUE;reduces spe evs;;
tangaberry;https://www.serebii.net/itemdex/sprites/tangaberry.png;tanga-berry;Tanga Berry;If a Pokťmon holding this Berry is hit with a supereffective Bug-type move, the power of that move will be weakened.;berry;;;;;;;;;;;;;enemy;hit by supereffective bug move;;;;bug;reduces;;50;single;;;;;;
wacanberry;https://www.serebii.net/itemdex/sprites/wacanberry.png;wacan-berry;Wacan Berry;If a Pokťmon holding this Berry is hit with a supereffective Electric-type move, the power of that move will be weakened.;berry;;;;;;;;;;;;;enemy;hit by supereffective electric move;;;;electric;reduces;;50;single;;;;;;
wikiberry;https://www.serebii.net/itemdex/sprites/wikiberry.png;wiki-berry;Wiki Berry;If a Pokťmon holds one of these Berries, it will be able to restore some HP should it find itself in a pinch. But it will become confused if it hates the Berry's taste.;berry;33;;;;;;;;;;;stage;self;health below 50%;;;;;boost;;;single;conf;inflicts;;;;
yacheberry;https://www.serebii.net/itemdex/sprites/yacheberry.png;yache-berry;Yache Berry;If a Pokťmon holding this Berry is hit with a supereffective Ice-type move, the power of that move will be weakened.;berry;;;;;;;;;;;;;enemy;hit by supereffective ice move;;;;ice;reduces;;50;single;;;;;;
adrenalineorb;https://www.serebii.net/itemdex/sprites/adrenalineorb.png;adrenaline-orb;Adrenaline Orb;An item to be held by a Pokťmon. This orb boosts the Speed stat if the holder is intimidated.;competitive;;;;;;1;;;;;;stage;self;when intimidate;;;;;boost;;;single;;;;;;
bottlecap;https://www.serebii.net/itemdex/sprites/bottlecap.png;bottle-cap;Bottle Cap;A lovely silver bottle cap. Certain people are delighted to be given one of these.;miscellaneous;;;;;;;;;;;;;;;;;;;;;;;;;TRUE;set one ivto 31;;
bugterashard;https://www.serebii.net/itemdex/sprites/bugterashard.png;bug-tera-shard;Bug Tera Shard;On rare occasions, these shards form when a Tera Pokťmon falls in battle and its Tera Jewel shatters.;miscellaneous;;;;;;;;;;;;;;;;;;;;;;;;;TRUE;set tera type to bug;;
darkterashard;https://www.serebii.net/itemdex/sprites/darkterashard.png;dark-tera-shard;Dark Tera Shard;On rare occasions, these shards form when a Tera Pokťmon falls in battle and its Tera Jewel shatters.;miscellaneous;;;;;;;;;;;;;;;;;;;;;;;;;TRUE;set tera type to dark;;
dragonterashard;https://www.serebii.net/itemdex/sprites/dragonterashard.png;dragon-tera-shard;Dragon Tera Shard;On rare occasions, these shards form when a Tera Pokťmon falls in battle and its Tera Jewel shatters.;miscellaneous;;;;;;;;;;;;;;;;;;;;;;;;;TRUE;set tera type to dragon;;
electricterashard;https://www.serebii.net/itemdex/sprites/electricterashard.png;electric-tera-shard;Electric Tera Shard;On rare occasions, these shards form when a Tera Pokťmon falls in battle and its Tera Jewel shatters.;miscellaneous;;;;;;;;;;;;;;;;;;;;;;;;;TRUE;set tera type to electric;;
fairyterashard;https://www.serebii.net/itemdex/sprites/fairyterashard.png;fairy-tera-shard;Fairy Tera Shard;On rare occasions, these shards form when a Tera Pokťmon falls in battle and its Tera Jewel shatters.;miscellaneous;;;;;;;;;;;;;;;;;;;;;;;;;TRUE;set tera type to fairy;;
fightingterashard;https://www.serebii.net/itemdex/sprites/fightingterashard.png;fighting-tera-shard;Fighting Tera Shard;On rare occasions, these shards form when a Tera Pokťmon falls in battle and its Tera Jewel shatters.;miscellaneous;;;;;;;;;;;;;;;;;;;;;;;;;TRUE;set tera type to fighting;;
fireterashard;https://www.serebii.net/itemdex/sprites/fireterashard.png;fire-tera-shard;Fire Tera Shard;On rare occasions, these shards form when a Tera Pokťmon falls in battle and its Tera Jewel shatters.;miscellaneous;;;;;;;;;;;;;;;;;;;;;;;;;TRUE;set tera type to fire;;
flyingterashard;https://www.serebii.net/itemdex/sprites/flyingterashard.png;flying-tera-shard;Flying Tera Shard;On rare occasions, these shards form when a Tera Pokťmon falls in battle and its Tera Jewel shatters.;miscellaneous;;;;;;;;;;;;;;;;;;;;;;;;;TRUE;set tera type to flying;;
ghostterashard;https://www.serebii.net/itemdex/sprites/ghostterashard.png;ghost-tera-shard;Ghost Tera Shard;On rare occasions, these shards form when a Tera Pokťmon falls in battle and its Tera Jewel shatters.;miscellaneous;;;;;;;;;;;;;;;;;;;;;;;;;TRUE;set tera type to ghost;;
goldbottlecap;https://www.serebii.net/itemdex/sprites/goldbottlecap.png;gold-bottle-cap;Gold Bottle Cap;A lovely gold bottle cap, which is even rarer than a regular silver one. Certain people are delighted to be given one of these.;miscellaneous;;;;;;;;;;;;;;;;;;;;;;;;;TRUE;set all ivs to 31;;
grassterashard;https://www.serebii.net/itemdex/sprites/grassterashard.png;grass-tera-shard;Grass Tera Shard;On rare occasions, these shards form when a Tera Pokťmon falls in battle and its Tera Jewel shatters.;miscellaneous;;;;;;;;;;;;;;;;;;;;;;;;;TRUE;set tera type to grass;;
groundterashard;https://www.serebii.net/itemdex/sprites/groundterashard.png;ground-tera-shard;Ground Tera Shard;On rare occasions, these shards form when a Tera Pokťmon falls in battle and its Tera Jewel shatters.;miscellaneous;;;;;;;;;;;;;;;;;;;;;;;;;TRUE;set tera type to ground;;
iceterashard;https://www.serebii.net/itemdex/sprites/iceterashard.png;ice-tera-shard;Ice Tera Shard;On rare occasions, these shards form when a Tera Pokťmon falls in battle and its Tera Jewel shatters.;miscellaneous;;;;;;;;;;;;;;;;;;;;;;;;;TRUE;set tera type to ice;;
normalterashard;https://www.serebii.net/itemdex/sprites/normalterashard.png;normal-tera-shard;Normal Tera Shard;On rare occasions, these shards form when a Tera Pokťmon falls in battle and its Tera Jewel shatters.;miscellaneous;;;;;;;;;;;;;;;;;;;;;;;;;TRUE;set tera type to normal;;
poisonterashard;https://www.serebii.net/itemdex/sprites/poisonterashard.png;poison-tera-shard;Poison Tera Shard;On rare occasions, these shards form when a Tera Pokťmon falls in battle and its Tera Jewel shatters.;miscellaneous;;;;;;;;;;;;;;;;;;;;;;;;;TRUE;set tera type to poison;;
psychicterashard;https://www.serebii.net/itemdex/sprites/psychicterashard.png;psychic-tera-shard;Psychic Tera Shard;On rare occasions, these shards form when a Tera Pokťmon falls in battle and its Tera Jewel shatters.;miscellaneous;;;;;;;;;;;;;;;;;;;;;;;;;TRUE;set tera type to psychic;;
rockterashard;https://www.serebii.net/itemdex/sprites/rockterashard.png;rock-tera-shard;Rock Tera Shard;On rare occasions, these shards form when a Tera Pokťmon falls in battle and its Tera Jewel shatters.;miscellaneous;;;;;;;;;;;;;;;;;;;;;;;;;TRUE;set tera type to rock;;
steelterashard;https://www.serebii.net/itemdex/sprites/steelterashard.png;steel-tera-shard;Steel Tera Shard;On rare occasions, these shards form when a Tera Pokťmon falls in battle and its Tera Jewel shatters.;miscellaneous;;;;;;;;;;;;;;;;;;;;;;;;;TRUE;set tera type to steel;;
waterterashard;https://www.serebii.net/itemdex/sprites/waterterashard.png;water-tera-shard;Water Tera Shard;On rare occasions, these shards form when a Tera Pokťmon falls in battle and its Tera Jewel shatters.;miscellaneous;;;;;;;;;;;;;;;;;;;;;;;;;TRUE;set tera type to water;;
